Workbook
Name _001: #REF!
Name _001: #REF!
Name _001: #REF!
Name _001: #REF!
Name _001: #REF!
Name _152: #REF!
Name _152: #REF!
Name _152: #REF!
Name _152: #REF!
Name _152: #REF!
Name _152: #REF!
Name _152: #REF!
Name _152: #REF!
Name _152: #REF!
Name _152: #REF!
Name _152: #REF!
Name _152: #REF!
Name _152: #REF!
Name _152: #REF!
Name _152: #REF!
Name _152: #REF!
Name _152: #REF!
Name _153: #REF!
Name _153: #REF!
Name _153: #REF!
Name _153: #REF!
Name _153: #REF!
Name _153: #REF!
Name _153: #REF!
Name _153: #REF!
Name _153: #REF!
Name _153: #REF!
Name _153: #REF!
Name _153: #REF!
Name _153: #REF!
Name _153: #REF!
Name _154: #REF!
Name _154: #REF!
Name _154: #REF!
Name _154: #REF!
Name _154: #REF!
Name _1593: #REF!
Name _1593: #REF!
Name _1593: #REF!
Name _1593: #REF!
Name _1593: #REF!
Name _1593: #REF!
Name _1593: #REF!
Name _1593: #REF!
Name _1593: #REF!
Name _1593: #REF!
Name _17: #REF!
Name _17: #REF!
Name _17: #REF!
Name _17: #REF!
Name _17: #REF!
Name _17: #REF!
Name _17: #REF!
Name _17: #REF!
Name _17: #REF!

Sheet CDD - 08.02.2026-SHIPPED
H2: =NOW()-TRUNC(NOW()) -> 0.61871759 | I2: G Total | J2: =SUBTOTAL(9,J47,J5:J6,J9:J25,J50,J53:J57,J28,J33) -> 8849 | K2: =SUBTOTAL(9,K47,K5:K6,K9:K25,K50,K53:K57,K28) -> 9752 | L2: =SUBTOTAL(9,L47,L5:L6,L9:L25,L50,L53:L57,L28) -> 9724 | M2: =SUBTOTAL(9,M47,M5:M6,M9:M25,M50,M53:M57,M28) -> 28 | N2: =SUBTOTAL(9,N47,N5:N6,N9:N25,N50,N53:N57,N28) -> 9689 | O2: =SUBTOTAL(9,O47,O5:O6,O9:O25,O50,O53:O57,O28) -> 6 | P2: 8603 | Q2: 461
E3: SEA - FOB - CHENNAI | F3: TRUCKOUT ON - 29.01.2025 | U3: =TODAY() -> 46120 | AB3: MAIL
B4: F Line | C4: PLANT CODE | D4: LINE NO | E4: CON | F4: DESTINATION | G4: PO NO | H4: COLOR | I4: MATERIAL NO | J4: QTY | K4: CUT QTY | L4: Send to Wash / Dye | M4: Balance to Send | N4: Wash / Dye Received | O4: Balance to receive | P4: PACK/SHIP QTY | Q4: CTNS | R4: STATUS | S4: GROSS Weight | T4: Net Weight | U4: FI to be done by | V4: ASN | W4: WEIGHT | X4: WFX | Y4: OCR | Z4: BOOKING NO | AA4: DO
C5: V992 | D5: 10 | E5: PRLS/25/12440 | F5: HONG KONG | G5: 4702056493 | H5: SKY LAVENDER | I5: 710966294501 | J5: 42 | K5: 728 | L5: 725 | M5: 3 | N5: 723 | O5: 2 | P5: 41 | Q5: 3 | R5: SHIPPED | S5: 17.10 | T5: 13.26 | V5: SENT | W5: DONE | X5: DONE | Y5: DONE | Z5: IBKG0000228110 | AA5: SMAAS089118 - AS SHIPPING CFS - CHENNAI | AB5: SENT
C6: V992 | D6: 10 | E6: PRLS/25/12439 | F6: HONG KONG | G6: 4702056491 | H6: SKY LAVENDER | I6: 710966293023 | J6: 115 | K6: 115 | L6: 115 | M6: 0 | N6: 115 | O6: 0 | P6: 115 | Q6: 6 | R6: SHIPPED | S6: 35.36 | T6: 27.68 | V6: SENT | W6: DONE | X6: DONE | Y6: DONE | AB6: SENT
F7: TOTAL | J7: =SUM(J5:J6) -> 157 | K7: =SUM(K5:K6) -> 843 | L7: =SUM(L5:L6) -> 840 | M7: =SUM(M5:M6) -> 3 | N7: =SUM(N5:N6) -> 838 | O7: =SUM(O5:O6) -> 2 | P7: =SUM(P5:P6) -> 156 | Q7: =SUM(Q5:Q6) -> 9
C9: CA10 | D9: 30 | E9: PRLS/25/12737 | F9: ITALY | G9: 4702068711 | H9: 6671I POWDER PURPLE/WHITE | I9: 710B22588003 | J9: 780 | K9: 825 | L9: 819 | M9: 6 | N9: 819 | O9: 0 | P9: 797 | Q9: 47 | R9: SHIPPED | S9: 297.33 | T9: 237.67 | V9: SENT | W9: DONE | X9: DONE | Y9: DONE | Z9: IBKG0000228157 | AA9: SMAAS089125 AS SHIPPING CFS - CHENNAI | AB9: SENT
C10: CA10 | D10: 10 | E10: PRLS/25/12739 | F10: ITALY | G10: 4702068712 | H10: 6555H COASTAL BEIGE/WHITE | I10: 710B22589001 | J10: 600 | K10: 646 | L10: 641 | M10: 5 | N10: 637 | O10: 4 | P10: 613 | Q10: 36 | R10: SHIPPED | S10: 229.38 | T10: 183.02 | V10: SENT | W10: DONE | X10: DONE | Y10: DONE
C11: CA10 | D11: 20 | E11: PRLS/25/12741 | F11: ITALY | G11: 4702068712 | H11: 6555B CABANA BLUE/WHITE | I11: 710B22589002 | J11: 1000 | K11: 1080 | L11: 1077 | M11: 3 | N11: 1077 | O11: 0 | P11: 1026 | Q11: 59 | R11: SHIPPED | S11: 395.39 | T11: 319.87 | V11: SENT | W11: DONE | X11: DONE | Y11: DONE | AB11: SENT
C12: CA10 | D12: 10 | E12: PRLS/25/12741 | F12: ITALY | G12: 4702083750 | H12: 6555B CABANA BLUE/WHITE | I12: 710B22589002 | J12: 44 | K12: 44 | L12: 44 | M12: 0 | N12: 44 | O12: 0 | P12: 44 | Q12: 3 | R12: SHIPPED | S12: 17.363 | T12: 13.52 | V12: SENT | W12: DONE | X12: DONE | Y12: DONE | AB12: SENT
C13: CA10 | D13: 20 | E13: PRLS/25/12741 | F13: ITALY | G13: 4702083767 | H13: 6555B CABANA BLUE/WHITE | I13: 710B22589002 | J13: 47 | K13: 47 | L13: 47 | M13: 0 | N13: 47 | O13: 0 | P13: 47 | Q13: 3 | R13: SHIPPED | S13: 15.84 | T13: 14.56 | V13: SENT | W13: DONE | X13: DONE | Y13: DONE | AB13: SENT
C14: CA10 | D14: 10 | E14: PRLS/25/12739 | F14: ITALY | G14: 4702083767 | H14: 6555H COASTAL BEIGE/WHITE | I14: 710B22589001 | J14: 17 | K14: 17 | L14: 17 | M14: 0 | N14: 17 | O14: 0 | P14: 17 | Q14: 1 | R14: SHIPPED | S14: 8.91 | T14: 5.07 | V14: SENT | W14: DONE | X14: DONE | Y14: DONE | AB14: SENT
C15: CA10 | D15: 20 | E15: PRLS/25/12741 | F15: ITALY | G15: 4702083793 | H15: 6555B CABANA BLUE/WHITE | I15: 710B22589002 | J15: 48 | K15: 48 | L15: 48 | M15: 0 | N15: 48 | O15: 0 | P15: 48 | Q15: 3 | R15: SHIPPED | S15: 18.70 | T15: 14.86 | V15: SENT | W15: DONE | X15: DONE | Y15: DONE | AB15: SENT
C16: CA10 | D16: 10 | E16: PRLS/25/12739 | F16: ITALY | G16: 4702083793 | H16: 6555H COASTAL BEIGE/WHITE | I16: 710B22589001 | J16: 29 | K16: 29 | L16: 29 | M16: 0 | N16: l | O16: 0 | P16: 29 | Q16: 3 | R16: SHIPPED | S16: 12.37 | T16: 8.53 | V16: SENT | W16: DONE | X16: DONE | Y16: DONE | AB16: SENT
C17: CA10 | D17: 20 | E17: PRLS/25/12741 | F17: ITALY | G17: 4702083827 | H17: 6555B CABANA BLUE/WHITE | I17: 710B22589002 | J17: 48 | K17: 48 | L17: 48 | M17: 0 | N17: 48 | O17: 0 | P17: 48 | Q17: 3 | R17: SHIPPED | S17: 18.70 | T17: 14.86 | V17: SENT | W17: DONE | X17: DONE | Y17: DONE | AB17: SENT
C18: CA10 | D18: 10 | E18: PRLS/25/12739 | F18: ITALY | G18: 4702083827 | H18: 6555H COASTAL BEIGE/WHITE | I18: 710B22589001 | J18: 29 | K18: 29 | L18: 29 | M18: 0 | N18: 29 | O18: 0 | P18: 29 | Q18: 3 | R18: SHIPPED | S18: 12.48 | T18: 8.64 | V18: SENT | W18: DONE | X18: DONE | Y18: DONE | AB18: SENT
C19: CA10 | D19: 20 | E19: PRLS/25/12741 | F19: ITALY | G19: 4702083856 | H19: 6555B CABANA BLUE/WHITE | I19: 710B22589002 | J19: 47 | K19: 47 | L19: 47 | M19: 0 | N19: 47 | O19: 0 | P19: 47 | Q19: 3 | R19: SHIPPED | S19: 18.40 | T19: 14.56 | V19: SENT | W19: DONE | X19: DONE | Y19: DONE | AB19: SENT
C20: CA10 | D20: 10 | E20: PRLS/25/12739 | F20: ITALY | G20: 4702083856 | H20: 6555H COASTAL BEIGE/WHITE | I20: 710B22589001 | J20: 25 | K20: 25 | L20: 25 | M20: 0 | N20: 25 | O20: 0 | P20: 25 | Q20: 2 | R20: SHIPPED | S20: 10.04 | T20: 7.48 | V20: SENT | W20: DONE | X20: DONE | Y20: DONE | AB20: SENT
C21: CA10 | D21: 10 | E21: PRLS/25/12741 | F21: ITALY | G21: 4702083881 | H21: 6555B CABANA BLUE/WHITE | I21: 710B22589002 | J21: 46 | K21: 46 | L21: 46 | M21: 0 | N21: 46 | O21: 0 | P21: 46 | Q21: 3 | R21: SHIPPED | S21: 18.07 | T21: 14.23 | V21: SENT | W21: DONE | X21: DONE | Y21: DONE | AB21: SENT
C22: CA10 | D22: 10 | E22: PRLS/25/12741 | F22: ITALY | G22: 4702083891 | H22: 6555B CABANA BLUE/WHITE | I22: 710B22589002 | J22: 5 | K22: 5 | L22: 5 | M22: 0 | N22: 5 | O22: 0 | P22: 5 | Q22: 1 | R22: SHIPPED | S22: 2.80 | T22: 1.52 | V22: SENT | W22: DONE | X22: DONE | Y22: DONE | AB22: SENT
C23: CA10 | D23: 10 | E23: PRLS/25/12741 | F23: ITALY | G23: 4702083899 | H23: 6555B CABANA BLUE/WHITE | I23: 710B22589002 | J23: 36 | K23: 36 | L23: 36 | M23: 0 | N23: 36 | O23: 0 | P23: 36 | Q23: 2 | R23: SHIPPED | S23: 13.65 | T23: 11.09 | V23: SENT | W23: DONE | X23: DONE | Y23: DONE | AB23: SENT
C24: CA10 | D24: 10 | E24: PRLS/25/12741 | F24: ITALY | G24: 4702083906 | H24: 6555B CABANA BLUE/WHITE | I24: 710B22589002 | J24: 33 | K24: 33 | L24: 33 | M24: 0 | N24: 33 | O24: 0 | P24: 33 | Q24: 3 | R24: SHIPPED | S24: 14.05 | T24: 10.21 | V24: SENT | W24: DONE | X24: DONE | Y24: DONE | AB24: SENT
C25: CA10 | D25: 10 | E25: PRLS/25/12741 | F25: ITALY | G25: 4702083916 | H25: 6555B CABANA BLUE/WHITE | I25: 710B22589002 | J25: 46 | K25: 46 | L25: 46 | M25: 0 | N25: 46 | O25: 0 | P25: 46 | Q25: 3 | R25: SHIPPED | S25: 18.07 | T25: 14.23 | V25: SENT | W25: DONE | X25: DONE | Y25: DONE | AB25: SENT
F26: TOTAL | J26: =SUM(J9:J25) -> 2880 | K26: =SUM(K9:K25) -> 3051 | L26: =SUM(L9:L25) -> 3037 | M26: =SUM(M9:M25) -> 14 | N26: =SUM(N9:N25) -> 3004 | O26: =SUM(O9:O25) -> 4 | P26: =SUM(P9:P25) -> 2936 | Q26: =SUM(Q9:Q25) -> 178
C28: NW00 | D28: 10 | E28: PRLS/25/12448 | F28: US | G28: 4702059563 | H28: SKY LAVENDER | I28: 711966293501 | J28: 678 | K28: 677 | L28: 676 | M28: 1 | N28: 676 | O28: 0 | P28: 653 | Q28: 38 | R28: SHIPPED | S28: 281.83 | T28: 233.19 | V28: SENT | W28: DONE | X28: DONE | Y28: DONE | Z28: IBKG0000228123 | AA28: SMAAS089119 AS SHIPPING CFS - CHENNAI | AB28: SENT
F29: TOTAL | J29: =SUM(J28) -> 678 | K29: =SUM(K28) -> 677 | L29: =SUM(L28) -> 676 | M29: =SUM(M28) -> 1 | N29: =SUM(N28) -> 676 | O29: =SUM(O28) -> 0 | P29: =SUM(P28) -> 653 | Q29: =SUM(Q28) -> 38
E31: AIR - FCA - BANGALORE | F31: TRUCKOUT ON - 29.01.2025 | I31: CDD-08-02-2026
B32: F Line | C32: PLANT CODE | D32: LINE NO | E32: CON | F32: DESTINATION | G32: PO NO | H32: COLOR | I32: MATERIAL NO | J32: QTY | K32: CUT QTY | L32: Send to Wash / Dye | M32: Balance to Send | N32: Wash / Dye Received | O32: Balance to receive | P32: PACK/SHIP QTY | Q32: CTNS | R32: STATUS | S32: STATUS-2 | T32: FI to be done by | V32: ASN | W32: WEIGHT | X32: WFX | Y32: OCR | Z32: BOOKING NO | AA32: DO
C33: V994 | D33: 20 | E33: PRLS/25/12439 | F33: RL-Mexico | G33: 4702064965 | H33: SKY LAVENDER | I33: 710966293023 | J33: 836 | P33: 844 | Q33: 40 | R33: shipped | V33: SENT | W33: DONE | X33: DONE | Y33: DONE | Z33: IBKG0000233639
F34: TOTAL | J34: =SUM(J33:J33) -> 836 | K34: =SUM(K33:K33) -> 0 | L34: =SUM(L33:L33) -> 0 | M34: =SUM(M33:M33) -> 0 | N34: =SUM(N33:N33) -> 0 | O34: =SUM(O33:O33) -> 0 | P34: =SUM(P33:P33) -> 844 | Q34: =SUM(Q33:Q33) -> 40
B36: GRAND TOTAL | J36: =J48+J7+J26+J51+J29+J34 -> 8597 | K36: =K48+K7+K26+K51+K29+K34 -> 9502 | L36: =L48+L7+L26+L51+L29+L34 -> 9474 | M36: =M48+M7+M26+M51+M29+M34 -> 28 | N36: =N48+N7+N26+N51+N29+N34 -> 9439 | O36: =O48+O7+O26+O51+O29+O34 -> 6 | P36: =P48+P7+P26+P51+P29+P34 -> 8603 | Q36: =Q48+Q7+Q26+Q51+Q29+Q34 -> 461
E38: AIR - FCA - BANGALORE | F38: TRUCKOUT ON - 13.01.2025 | I38: CDD-01-02-2026
B39: F Line | C39: PLANT CODE | D39: LINE NO | E39: CON | F39: DESTINATION | G39: PO NO | H39: COLOR | I39: MATERIAL NO | J39: QTY | K39: CUT QTY | L39: Send to Wash / Dye | M39: Balance to Send | N39: Wash / Dye Received | O39: Balance to receive | P39: PACK/SHIP QTY | Q39: CTNS | R39: STATUS | S39: STATUS-2 | T39: FI to be done by | V39: ASN | W39: WEIGHT | X39: WFX | Y39: OCR | Z39: BOOKING NO | AA39: DO
C40: CA10 | D40: 20 | E40: PRLS/25/12440 | F40: ITALY | G40: 4702056492 | H40: SKY LAVENDER | I40: 710966294501 | J40: 658 | P40: 666 | Q40: 39 | R40: shipped | V40: SENT | W40: DONE | X40: DONE | Y40: DONE | Z40: IBKG0000224369
F41: TOTAL | J41: =SUM(J40:J40) -> 658 | K41: =SUM(K40:K40) -> 0 | L41: =SUM(L40:L40) -> 0 | M41: =SUM(M40:M40) -> 0 | N41: =SUM(N40:N40) -> 0 | O41: =SUM(O40:O40) -> 0 | P41: =SUM(P40:P40) -> 666 | Q41: =SUM(Q40:Q40) -> 39
E43: AIR - FCA - BANGALORE | F43: TRUCKOUT ON - 13.01.2025 | I43: CDD-01-02-2026
B44: F Line | C44: PLANT CODE | D44: LINE NO | E44: CON | F44: DESTINATION | G44: PO NO | H44: COLOR | I44: MATERIAL NO | J44: QTY | K44: CUT QTY | L44: Send to Wash / Dye | M44: Balance to Send | N44: Wash / Dye Received | O44: Balance to receive | P44: PACK/SHIP QTY | Q44: CTNS | R44: STATUS | S44: STATUS-2 | T44: FI to be done by | V44: ASN | W44: WEIGHT | X44: WFX | Y44: OCR | Z44: BOOKING NO | AA44: INV-NO
B45: RRL | C45: V994 | D45: 20 | E45: PRLS/25/10826 | F45: JAPAN | G45: 4701983749 | H45: BLUE MULTI | I45: 782P05347001 | J45: 56 | P45: 56 | Q45: 2 | R45: shipped | V45: sent | W45: DONE | X45: DONE | Y45: DONE | Z45: IBKG0000234269-FEDEX | AA45: LCPEXP2526-2950
F46: TOTAL | J46: =SUM(J44:J45) -> 56 | K46: =SUM(K44:K45) -> 0 | L46: =SUM(L44:L45) -> 0 | M46: =SUM(M44:M45) -> 0 | N46: =SUM(N44:N45) -> 0 | O46: =SUM(O44:O45) -> 0 | P46: =SUM(P44:P45) -> 56 | Q46: =SUM(Q44:Q45) -> 2
C47: TO17 | D47: 10 | E47: PRLS/25/12448 | F47: CANADA | G47: 4702059564 | H47: SKY LAVENDER | I47: 711966293501 | J47: 302 | K47: 302 | L47: 302 | M47: 0 | N47: 302 | O47: 0 | P47: 302 | Q47: 18 | R47: SHIPPED | S47: 126.32 | T47: 103.28 | V47: DONE | W47: DONE | X47: DONE | Y47: DONE | Z47: IBKG0000228102 | AA47: JENNA MUMBAI CFS | AB47: SENT
F48: TOTAL | J48: =SUM(J47) -> 302 | K48: =SUM(K47:K47) -> 302 | L48: =SUM(L47:L47) -> 302 | M48: =SUM(M47:M47) -> 0 | N48: =SUM(N47:N47) -> 302 | O48: =SUM(O47:O47) -> 0 | P48: =SUM(P47) -> 302 | Q48: =SUM(Q47) -> 18
C50: NW00 | D50: 20 | E50: PRLS/25/12439 | F50: US | G50: 4702056490 | H50: SKY LAVENDER | I50: 710966293023 | J50: 3744 | K50: 4629 | L50: 4619 | M50: 10 | N50: 4619 | O50: 0 | P50: 3712 | Q50: 178 | R50: SHIPPED | S50: 1193.42 | T50: 965.58 | V50: DONE | W50: DONE | X50: DONE | Y50: DONE | Z50: IBKG0000228113 | AA50: SBOMS128523 - AS SHIPPING CFS - MUMBAI
F51: TOTAL | J51: =SUM(J50:J50) -> 3744 | K51: =SUM(K50:K50) -> 4629 | L51: =SUM(L50:L50) -> 4619 | M51: =SUM(M50:M50) -> 10 | N51: =SUM(N50:N50) -> 4619 | O51: =SUM(O50:O50) -> 0 | P51: =SUM(P50:P50) -> 3712 | Q51: =SUM(Q50:Q50) -> 178 | AB51: SENT
C53: LA00 | D53: 20 | E53: PRLS/25/12439 | F53: US | G53: 4702055751 | H53: SKY LAVENDER | I53: 710966293023 | J53: 24 | K53: 24 | L53: 24 | M53: 0 | N53: 24 | O53: 0 | P53: 24 | Q53: 2 | R53: SHIPPED | S53: 8.0 | T53: 5.44 | V53: DONE | W53: DONE | X53: DONE | Y53: DONE | Z53: IBKG0000228120 | AA53: SBOMS128525 - AS SHIPPING CFS - MUMBAI | AB53: SENT
C54: LA00 | D54: 20 | E54: PRLS/25/12439 | F54: US | G54: 4702055752 | H54: SKY LAVENDER | I54: 710966293023 | J54: 60 | K54: 60 | L54: 60 | M54: 0 | N54: 60 | O54: 0 | P54: 60 | Q54: 5 | R54: SHIPPED | S54: 20.74 | T54: 14.34 | V54: DONE | W54: DONE | X54: DONE | Y54: DONE | AB54: SENT
C55: LA00 | D55: 20 | E55: PRLS/25/12439 | F55: US | G55: 4702055753 | H55: SKY LAVENDER | I55: 710966293023 | J55: 72 | K55: 70 | L55: 70 | M55: 0 | N55: 70 | O55: 0 | P55: 72 | Q55: 6 | R55: SHIPPED | S55: 26.04 | T55: 18.36 | V55: DONE | W55: DONE | X55: DONE | Y55: DONE | AB55: SENT
C56: LA00 | D56: 20 | E56: PRLS/25/12439 | F56: US | G56: 4702055754 | H56: SKY LAVENDER | I56: 710966293023 | J56: 60 | K56: 60 | L56: 60 | M56: 0 | N56: 60 | O56: 0 | P56: 60 | Q56: 5 | R56: SHIPPED | S56: 22.60 | T56: 16.20 | V56: DONE | W56: DONE | X56: DONE | Y56: DONE | AB56: SENT
C57: LA00 | D57: 20 | E57: PRLS/25/12439 | F57: US | G57: 4702055755 | H57: SKY LAVENDER | I57: 710966293023 | J57: 36 | K57: 36 | L57: 36 | M57: 0 | N57: 36 | O57: 0 | P57: 36 | Q57: 3 | R57: SHIPPED | S57: 14.28 | T57: 10.44 | V57: DONE | W57: DONE | X57: DONE | Y57: DONE | AB57: SENT
F58: TOTAL | J58: =SUM(J53:J57) -> 252 | K58: =SUM(K53:K57) -> 250 | L58: =SUM(L53:L57) -> 250 | M58: =SUM(M53:M57) -> 0 | N58: =SUM(N53:N57) -> 250 | O58: =SUM(O53:O57) -> 0 | P58: =SUM(P53:P57) -> 252 | Q58: =SUM(Q53:Q57) -> 21

Sheet CDD - 01.02.2026- SHIPPED
H2: =NOW()-TRUNC(NOW()) -> 0.61871759 | I2: G Total | J2: =SUBTOTAL(9,J7,J18:J21,J45:J47,J50:O58,J24:J32,J35:J38,J41,J6) -> 17832 | K2: =SUBTOTAL(9,K7,K18:K21,K45:K47,K50:P58,K24:K32,K35:K38,K41,K6) -> 8270 | L2: =SUBTOTAL(9,L7,L18:L21,L45:L47,L50:Q58,L24:L32,L35:L38,L41,L6) -> 6662 | M2: =SUBTOTAL(9,M7,M18:M21,M45:M47,M50:R58,M24:M32,M35:M38,M41,M6) -> 6855 | N2: =SUBTOTAL(9,N7,N18:N21,N45:N47,N50:S58,N24:N32,N35:N38,N41,N6) -> 5934 | O2: =SUBTOTAL(9,O7,O18:O21,O45:O47,O50:T58,O24:O32,O35:O38,O41,O6) -> 5704 | P2: =SUBTOTAL(9,P7,P18:P21,P45:P47,P50:U58,P24:P32,P35:P38,P41,P6) -> 17878 | Q2: =SUBTOTAL(9,Q7,Q18:Q21,Q45:Q47,Q50:V58,Q24:Q32,Q35:Q38,Q41,Q6) -> 999 | R2: =SUBTOTAL(9,#REF!,R45:R47,R52:R53,R57,R24,R3:R38) -> #REF!
E4: AIR - FCA - BANGALORE | F4: TRUCKOUT ON - 13.01.2025 | H4: TRUCKOUT ON - 13.01.2025
B5: F Line | C5: PLANT CODE | D5: LINE NO | E5: CON | F5: DESTINATION | G5: PO NO | H5: COLOR | I5: MATERIAL NO | J5: QTY | K5: CUT QTY | L5: Send to Wash / Dye | M5: Balance to Send | N5: Wash / Dye Received | O5: Balance to receive | P5: PACK/SHIP QTY | Q5: CTNS | R5: STATUS | S5: STATUS-2 | T5: FI to be done by | U5: ASN | V5: WEIGHT | W5: WFX | X5: OCR | Y5: BOOKING NO | Z5: DO
C6: V994 | D6: 20 | E6: PRLS/25/10826 | F6: JAPAN | G6: 4701983749 | H6: BLUE MULTI | I6: 782P05347001 | J6: 56
C7: CA10 | D7: 20 | E7: PRLS/25/12440 | F7: ITALY | G7: 4702056492 | H7: SKY LAVENDER | I7: 710966294501 | J7: 658 | P7: 666 | Q7: 39 | R7: Ready | U7: DONE | V7: DONE | W7: DONE | X7: DONE | Y7: IBKG0000224369 | Z7: SMAAS088997
F8: TOTAL | J8: =SUM(J6:J7) -> 714 | K8: =SUM(K6:K7) -> 0 | L8: =SUM(L6:L7) -> 0 | M8: =SUM(M6:M7) -> 0 | N8: =SUM(N6:N7) -> 0 | O8: =SUM(O6:O7) -> 0 | P8: =SUM(P6:P7) -> 666 | Q8: =SUM(Q6:Q7) -> 39
B9: GRAND TOTAL | J9: =+J8+J59+J48 -> 7531 | K9: =+K8+K59+K48 -> 2190 | L9: =+L8+L59+L48 -> 1686 | M9: =+M8+M59+M48 -> 0 | N9: =+N8+N59+N48 -> 958 | O9: =+O8+O59+O48 -> 728 | P9: =+P8+P59+P48 -> 7553 | Q9: =+Q8+Q59+Q48 -> 436
E16: SEA - FOB - CHENNAI | F16: TRUCKOUT ON - 13.01.2025 | T16: =TODAY() -> 46120
B17: F Line | C17: PLANT CODE | D17: LINE NO | E17: CON | F17: DESTINATION | G17: PO NO | H17: COLOR | I17: MATERIAL NO | J17: QTY | K17: CUT QTY | L17: Send to Wash / Dye | M17: Balance to Send | N17: Wash / Dye Received | O17: Balance to receive | P17: PACK/SHIP QTY | Q17: CTNS | R17: STATUS | S17: STATUS-2 | T17: FI to be done by | U17: ASN | V17: WEIGHT | W17: WFX | X17: OCR | Y17: BOOKING NO | Z17: DO
C18: CA20 | D18: 10 | E18: PRLS/25/12644 | F18: ITALY | G18: 4702054149 | H18: HARBOR ISLAND BLUE | I18: 710P07023004 | J18: 836 | P18: 836 | Q18: 38 | R18: Shipped | U18: SENT | V18: DONE | W18: DONE | X18: DONE | Y18: IBKG0000224531 | Z18: SMAAS089008 -AS SHIPPING
C19: CA20 | D19: 10 | E19: PRLS/25/12644 | F19: ITALY | G19: 4702054150 | H19: HARBOR ISLAND BLUE | I19: 710P07023004 | J19: 374 | P19: 374 | Q19: 17 | R19: Shipped | U19: SENT | V19: DONE | W19: DONE | X19: DONE
C20: CA20 | D20: 20 | E20: PRLS/25/12327 | F20: ITALY | G20: 4702054301 | H20: POLO BLACK | I20: 710966294019 | J20: 638 | P20: 594 | Q20: 27 | R20: Shipped | U20: SENT | V20: DONE | W20: DONE | X20: DONE
C21: CA20 | D21: 20 | E21: PRLS/25/12327 | F21: ITALY | G21: 4702054302 | H21: POLO BLACK | I21: 710966294019 | J21: 308 | P21: 308 | Q21: 14 | R21: Shipped | U21: SENT | V21: DONE | W21: DONE | X21: DONE
F22: TOTAL | J22: =SUM(J18:J21) -> 2156 | K22: =SUM(K18:K21) -> 0 | L22: =SUM(L18:L21) -> 0 | M22: =SUM(M18:M21) -> 0 | N22: =SUM(N18:N21) -> 0 | O22: =SUM(O18:O21) -> 0 | P22: =SUM(P18:P21) -> 2112 | Q22: =SUM(Q18:Q21) -> 96
C24: V992 | D24: 10 | E24: PRLS/25/12339 | F24: HONG KONG | G24: 4702049219 | H24: 5137B PINK/WHITE | I24: 710B22228002 | J24: 720 | P24: 541 | Q24: 33 | R24: Shipped | U24: SENT | V24: DONE | W24: DONE | X24: DONE | Y24: IBKG0000226902 | Z24: SMAAS089080 -AS SHIPPING
C25: V992 | D25: 20 | E25: PRLS/25/12225 | F25: HONG KONG | G25: 4702049219 | H25: 5137F CHOCOLATE MOUSSE/WHITE | I25: 710B22228003 | J25: 225 | P25: 225 | Q25: 13 | R25: Shipped | U25: SENT | V25: DONE | W25: DONE | X25: DONE
C26: V992 | D26: 10 | E26: PRLS/25/12339 | F26: HONG KONG | G26: 4702049220 | H26: 5137B PINK/WHITE | I26: 710B22228002 | J26: 690 | P26: 538 | Q26: 32 | R26: Shipped | U26: SENT | V26: DONE | W26: DONE | X26: DONE
C27: V992 | D27: 20 | E27: PRLS/25/12225 | F27: HONG KONG | G27: 4702049220 | H27: 5137F CHOCOLATE MOUSSE/WHITE | I27: 710B22228003 | J27: 687 | P27: 704 | Q27: 41 | R27: Shipped | U27: SENT | V27: DONE | W27: DONE | X27: DONE
C28: V992 | D28: 20 | E28: PRLS/25/12225 | F28: HONG KONG | G28: 4702049221 | H28: 5137F CHOCOLATE MOUSSE/WHITE | I28: 710B22228003 | J28: 40 | P28: 40 | Q28: 3 | R28: Shipped | U28: SENT | V28: DONE | W28: DONE | X28: DONE
C29: V992 | D29: 10 | E29: PRLS/25/12339 | F29: HONG KONG | G29: 4702049221 | H29: 5137B PINK/WHITE | I29: 710B22228002 | J29: 40 | P29: 40 | Q29: 3 | R29: Shipped | U29: SENT | V29: DONE | W29: DONE | X29: DONE
C30: V992 | D30: 10 | E30: PRLS/25/12221 | F30: HONG KONG | G30: 4702053668 | H30: BAYSIDE GREEN | I30: 710967669004 | J30: 410 | P30: 419 | Q30: 26 | R30: Shipped | U30: SENT | V30: DONE | W30: DONE | X30: DONE
C31: V992 | D31: 10 | E31: PRLS/25/12221 | F31: HONG KONG | G31: 4702053669 | H31: BAYSIDE GREEN | I31: 710967669004 | J31: 861 | P31: 882 | Q31: 51 | R31: Shipped | U31: SENT | V31: DONE | W31: DONE | X31: DONE
C32: V992 | D32: 10 | E32: PRLS/25/12221 | F32: HONG KONG | G32: 4702053670 | H32: BAYSIDE GREEN | I32: 710967669004 | J32: 32 | P32: 32 | Q32: 3 | R32: Shipped | U32: SENT | V32: DONE | W32: DONE | X32: DONE
F33: TOTAL | J33: =SUM(J24:J32) -> 3705 | K33: =SUM(K24:K32) -> 0 | L33: =SUM(L24:L32) -> 0 | M33: =SUM(M24:M32) -> 0 | N33: =SUM(N24:N32) -> 0 | O33: =SUM(O24:O32) -> 0 | P33: =SUM(P24:P32) -> 3421 | Q33: =SUM(Q24:Q32) -> 205
C35: V993 | D35: 10 | E35: PRLS/25/12223 | F35: KOREA | G35: 4702049212 | H35: 594C BLUE/WHITE | I35: 710B16388001 | J35: 1680 | P35: 1728 | Q35: 98 | R35: Shipped | U35: SENT | V35: DONE | W35: DONE | X35: DONE | Y35: IBKG0000224594 | Z35: SMAAS089012 -AS SHIPPING
C36: V993 | D36: 20 | E36: PRLS/25/12225 | F36: KOREA | G36: 4702049222 | H36: 5137F CHOCOLATE MOUSSE/WHITE | I36: 710B22228003 | J36: 640 | P36: 656 | Q36: 38 | R36: Shipped | U36: SENT | V36: DONE | W36: DONE | X36: DONE
C37: V993 | D37: 10 | E37: PRLS/25/12339 | F37: KOREA | G37: 4702049222 | H37: 5137B PINK/WHITE | I37: 710B22228002 | J37: 370 | P37: 378 | Q37: 22 | R37: Shipped | U37: SENT | V37: DONE | W37: DONE | X37: DONE
C38: V993 | D38: 10 | E38: PRLS/25/12221 | F38: KOREA | G38: 4702053671 | H38: BAYSIDE GREEN | I38: 710967669004 | J38: 410 | P38: 419 | Q38: 25 | R38: Shipped | U38: SENT | V38: DONE | W38: DONE | X38: DONE
F39: TOTAL | J39: =SUM(J35:J38) -> 3100 | K39: =SUM(K35:K38) -> 0 | L39: =SUM(L35:L38) -> 0 | M39: =SUM(M35:M38) -> 0 | N39: =SUM(N35:N38) -> 0 | O39: =SUM(O35:O38) -> 0 | P39: =SUM(P35:P38) -> 3181 | Q39: =SUM(Q35:Q38) -> 183
C41: V993 | D41: 10 | E41: PRLS/25/13183 | F41: KOREA | G41: 4702053666 | H41: COOPER BROWN | I41: 710967632004 | J41: 1340 | K41: 1375 | M41: 1879 | P41: 1340 | Q41: 79 | R41: Shipped | U41: SENT | V41: DONE | W41: DONE | X41: DONE | Y41: IBKG0000224595 | Z41: SMAAS089013 -AS SHIPPING
F42: TOTAL | J42: =SUM(J41) -> 1340 | K42: =SUM(K41) -> 1375 | L42: =SUM(L41) -> 0 | M42: =SUM(M41) -> 1879 | N42: =SUM(N41) -> 0 | O42: =SUM(O41) -> 0 | P42: =SUM(P41) -> 1340 | Q42: =SUM(Q41) -> 79
B44: F Line | C44: PLANT CODE | D44: LINE NO | E44: CON | F44: DESTINATION | G44: PO NO | H44: COLOR | I44: MATERIAL NO | J44: QTY | K44: CUT QTY | L44: Send to Wash / Dye | M44: Balance to Send | N44: Wash / Dye Received | O44: Balance to receive | P44: PACK/SHIP QTY | Q44: CTNS | R44: STATUS | S44: STATUS-2 | T44: FI to be done by | U44: ASN | V44: WEIGHT | W44: WFX | X44: OCR | Y44: BOOKING NO | Z44: DO
C45: V992 | D45: 10 | E45: PRLS/25/13183 | F45: HONG KONG | G45: 4702053663 | H45: COOPER BROWN | I45: 710967632004 | J45: 1070 | K45: 1101 | L45: 1101 | N45: 373 | O45: 728 | P45: 1074 | Q45: 61 | R45: Shipped | U45: DONE | V45: DONE | W45: DONE | X45: DONE | Y45: IBKG0000224552 | Z45: SMAAS089008 -AS SHIPPING
C46: V992 | D46: 10 | E46: PRLS/25/13183 | F46: HONG KONG | G46: 4702053664 | H46: COOPER BROWN | I46: 710967632004 | J46: 1068 | K46: 1089 | L46: 585 | N46: 585 | P46: 1068 | Q46: 62 | R46: Shipped | U46: DONE | V46: DONE | W46: DONE | X46: DONE
C47: V992 | D47: 10 | E47: PRLS/25/12210 | F47: HONG KONG | G47: 4702053665 | H47: COOPER BROWN | I47: 710967632004 | J47: 40 | P47: 40 | Q47: 3 | R47: Shipped | U47: DONE | V47: DONE | W47: DONE | X47: DONE
F48: TOTAL | J48: =SUM(J45:J47) -> 2178 | K48: =SUM(K45:K47) -> 2190 | L48: =SUM(L45:L47) -> 1686 | M48: =SUM(M45:M47) -> 0 | N48: =SUM(N45:N47) -> 958 | O48: =SUM(O45:O47) -> 728 | P48: =SUM(P45:P47) -> 2182 | Q48: =SUM(Q45:Q47) -> 126
C50: V992 | D50: 10 | E50: PRLS/25/12142 | F50: HONG KONG | G50: 4702043049 | H50: 7116B GREEN BLUE WHITE | I50: 710B16705001 | J50: 35 | P50: 35 | Q50: 3 | R50: Shipped | U50: DONE | V50: DONE | W50: DONE | X50: DONE | Y50: IBKG0000224575 | Z50: SMAAS089011 -AS SHIPPING
C51: V992 | D51: 10 | E51: PRLS/25/12442 | F51: HONG KONG | G51: 4702056497 | H51: AUSTIN BLUE | I51: 710968912501 | J51: 476 | P51: 479 | Q51: 23 | R51: Shipped | U51: DONE | V51: DONE | W51: DONE | X51: DONE
C52: V992 | D52: 20 | E52: PRLS/25/12441 | F52: HONG KONG | G52: 4702056493 | H52: AUSTIN BLUE | I52: 710966294509 | J52: 429 | P52: 401 | Q52: 24 | R52: Shipped | U52: DONE | V52: DONE | W52: DONE | X52: DONE
C53: V992 | D53: 30 | E53: PRLS/25/12141 | F53: HONG KONG | G53: 4702043043 | H53: 7188E COASTAL BEIGE WHITE | I53: 710B15594006 | J53: 477 | P53: 488 | Q53: 28 | R53: Shipped | U53: DONE | V53: DONE | W53: DONE | X53: DONE
C54: V992 | D54: 20 | E54: PRLS/25/12140 | F54: HONG KONG | G54: 4702043043 | H54: 7188B BLUE WHITE | I54: 710B15594005 | J54: 744 | P54: 762 | Q54: 46 | R54: Shipped | U54: DONE | V54: DONE | W54: DONE | X54: DONE
C55: V992 | D55: 10 | E55: PRLS/25/12139 | F55: HONG KONG | G55: 4702043043 | H55: 7188A WHITE BLUE | I55: 710B15594004 | J55: 435 | P55: 446 | Q55: 26 | R55: Shipped | U55: DONE | V55: DONE | W55: DONE | X55: DONE
C56: V992 | D56: 10 | E56: PRLS/25/12223 | F56: HONG KONG | G56: 4702049209 | H56: 594C BLUE/WHITE | I56: 710B16388001 | J56: 390 | P56: 399 | Q56: 23 | R56: Shipped | U56: DONE | V56: DONE | W56: DONE | X56: DONE
C57: V992 | D57: 10 | E57: PRLS/25/12223 | F57: HONG KONG | G57: 4702049210 | H57: 594C BLUE/WHITE | I57: 710B16388001 | J57: 1593 | P57: 1635 | Q57: 94 | R57: Shipped | U57: DONE | V57: DONE | W57: DONE | X57: DONE
C58: V992 | D58: 10 | E58: PRLS/25/12223 | F58: HONG KONG | G58: 4702049211 | H58: 594C BLUE/WHITE | I58: 710B16388001 | J58: 60 | P58: 60 | Q58: 4 | R58: Shipped | U58: DONE | V58: DONE | W58: DONE | X58: DONE
F59: TOTAL | J59: =SUM(J50:J58) -> 4639 | K59: =SUM(K50:K58) -> 0 | L59: =SUM(L50:L58) -> 0 | M59: =SUM(M50:M58) -> 0 | N59: =SUM(N50:N58) -> 0 | O59: =SUM(O50:O58) -> 0 | P59: =SUM(P50:P58) -> 4705 | Q59: =SUM(Q50:Q58) -> 271

Sheet CDD -26-01-2026 -SHIPPED
H2: =NOW()-TRUNC(NOW()) -> 0.61871759 | I2: G Total | J2: =SUBTOTAL(9,J5:J7,J11:J15,J19:J20,J24,J28,J32:J41,J46:J48) -> 12792 | K2: =SUBTOTAL(9,K5:K7,K11:K15,K19:K20,K24,K28,K32:K41) -> 21395 | L2: =SUBTOTAL(9,L5:L7,L11:L15,L19:L20,L24,L28,L32:L41) -> 18382 | M2: =SUBTOTAL(9,M5:M7,M11:M15,M19:M20,M24,M28,M32:M41) -> 3013 | N2: =SUBTOTAL(9,N5:N7,N11:N15,N19:N20,N24,N28,N32:N41) -> 18382 | O2: =SUBTOTAL(9,O5:O7,O11:O15,O19:O20,O24,O28,O32:O41) -> 0 | P2: =SUBTOTAL(9,P5:P7,P11:P15,P19:P20,P24,P28,P32:P41,P46:P48) -> 12975 | Q2: =SUBTOTAL(9,Q5:Q7,Q11:Q15,Q19:Q20,Q24,Q28,Q32:Q41,Q46:Q48) -> 954 | R2: =SUBTOTAL(9,R5:R7,R11:R15,R19:R20,R24,R28,R32:R41) -> 0
E3: SEA - FOB - CHENNAI | F3: TRUCKOUT ON - 13.01.2025 | T3: =TODAY() -> 46120
B4: F Line | C4: PLANT CODE | D4: LINE NO | E4: CON | F4: DESTINATION | G4: PO NO | H4: COLOR | I4: MATERIAL NO | J4: QTY | K4: CUT QTY | L4: Send to Wash / Dye | M4: Balance to Send | N4: Wash / Dye Received | O4: Balance to receive | P4: PACK/SHIP QTY | Q4: CTNS | R4: STATUS | S4: STATUS-2 | T4: FI to be done by | U4: ASN | V4: WEIGHT | W4: WFX | X4: OCR | Y4: BOOKING NO | Z4: DRAFT
B5: L -5 | C5: CA10 | D5: 10 | E5: PRLS/25/12444 | F5: ITALY | G5: 4702056498 | H5: AUSTIN BLUE | I5: 710968915504 | J5: 1000 | K5: 1036 | L5: 0 | M5: 1036 | N5: 0 | O5: 0 | P5: 1015 | Q5: 59 | R5: Ready | S5: Ready by - 17-01-2026 | U5: SENT | V5: SENT | W5: SENT | X5: SENT | Y5: IBKG0000220557
B6: L -5 | C6: CA10 | D6: 10 | E6: PRLS/25/12446 | F6: ITALY | G6: 4702056499 | H6: AUSTIN BLUE | I6: 711966292505 | J6: 400 | K6: 416 | L6: 413 | M6: 3 | N6: 413 | O6: 0 | P6: 400 | Q6: 28 | R6: Ready | S6: Ready By - 13-01-2026 | U6: SENT | V6: SENT | W6: SENT | X6: SENT
B7: L -8 | C7: CA10 | D7: 30 | E7: PRLS/25/12441 | F7: ITALY | G7: 4702056492 | H7: AUSTIN BLUE | I7: 710966294509 | J7: 2230 | K7: 2779 | L7: 2779 | M7: 0 | N7: 2779 | O7: 0 | P7: 2292 | Q7: 133 | R7: Ready | S7: Ready By - 19-01-2026 | U7: SENT | V7: SENT | W7: SENT | X7: SENT | Z7: SENT
F8: TOTAL | J8: =SUM(J5:J7) -> 3630 | K8: =SUM(K5:K7) -> 4231 | L8: =SUM(L5:L7) -> 3192 | M8: =SUM(M5:M7) -> 1039 | N8: =SUM(N5:N7) -> 3192 | O8: =SUM(O5:O7) -> 0 | P8: =SUM(P5:P7) -> 3707 | Q8: =SUM(Q5:Q7) -> 220
B10: F Line | C10: PLANT CODE | D10: LINE NO | E10: CON | F10: DESTINATION | G10: PO NO | H10: COLOR | I10: MATERIAL NO | J10: QTY | K10: CUT QTY | L10: Send to Wash / Dye | M10: Balance to Send | N10: Wash / Dye Received | O10: Balance to receive | P10: PACK/SHIP QTY | Q10: CTNS | R10: STATUS | T10: FI to be done by | U10: ASN | V10: WEIGHT | W10: WFX | X10: OCR | Y10: BOOKING NO | Z10: DRAFT
B11: L -8 | C11: V994 | D11: 10 | E11: PRLS/25/12441 | F11: JAPAN | G11: 4702056495 | H11: AUSTIN BLUE | I11: 710966294509 | J11: 20 | K11: 20 | L11: 20 | M11: 0 | N11: 20 | O11: 0 | P11: 20 | Q11: 1 | R11: Shipped | S11: Ready By - 13-01-2026 | U11: SENT | V11: DONE | W11: DONE | X11: DONE | Y11: IBKG0000220558 | Z11: SENT
B12: L -6 | C12: V994 | D12: 10 | E12: PRLS/25/12223 | F12: JAPAN | G12: 4702049213 | H12: 594C BLUE/WHITE | I12: 710B16388001 | J12: 890 | K12: 4842 | L12: 4832 | M12: 10 | N12: 4832 | O12: 0 | P12: 913 | Q12: 52 | R12: Shipped | S12: Ready By - 13-01-2026 | U12: SENT | V12: DONE | W12: DONE | X12: DONE | Z12: SENT
B13: L -6 | C13: V994 | D13: 20 | E13: PRLS/25/12225 | F13: JAPAN | G13: 4702049223 | H13: 5137F CHOCOLATE MOUSSE/WHITE | I13: 710B22228003 | J13: 760 | K13: 2468 | L13: 2025 | M13: 443 | N13: 2025 | O13: 0 | P13: 781 | Q13: 45 | R13: Shipped | S13: Ready By - 17-01-2026 | U13: SENT | V13: DONE | W13: DONE | X13: DONE
B14: L -6 | C14: V994 | D14: 10 | E14: PRLS/25/12339 | F14: JAPAN | G14: 4702049223 | H14: 5137B PINK/WHITE | I14: 710B22228002 | J14: 790 | K14: 2314 | L14: 2311 | M14: 3 | N14: 2311 | O14: 0 | P14: 792 | Q14: 45 | R14: Shipped | S14: Ready By - 16-01-2026 | U14: SENT | V14: DONE | W14: DONE | X14: DONE | Z14: SENT
B15: L -6 | C15: V994 | D15: 10 | E15: PRLS/25/12221 | F15: JAPAN | G15: 4702053672 | H15: BAYSIDE GREEN | I15: 710967669004 | J15: 630 | K15: 2502 | L15: 1217 | M15: 1285 | N15: 1217 | O15: 0 | P15: 644 | Q15: 38 | R15: Shipped | S15: Ready By - 19-01-2026 | U15: SENT | V15: DONE | W15: DONE | X15: DONE
F16: TOTAL | J16: =SUM(J11:J15) -> 3090 | K16: =SUM(K11:K15) -> 12146 | L16: =SUM(L11:L15) -> 10405 | M16: =SUM(M11:M15) -> 1741 | N16: =SUM(N11:N15) -> 10405 | O16: =SUM(O11:O15) -> 0 | P16: =SUM(P11:P15) -> 3150 | Q16: =SUM(Q11:Q15) -> 181
B18: F Line | C18: PLANT CODE | D18: LINE NO | E18: CON | F18: DESTINATION | G18: PO NO | H18: COLOR | I18: MATERIAL NO | J18: QTY | K18: CUT QTY | L18: Send to Wash / Dye | M18: Balance to Send | N18: Wash / Dye Received | O18: Balance to receive | P18: PACK/SHIP QTY | Q18: CTNS | R18: STATUS | T18: FI to be done by | U18: ASN | V18: WEIGHT | W18: WFX | X18: OCR | Y18: BOOKING NO | Z18: DRAFT
B19: L -8 | C19: V993 | D19: 10 | E19: PRLS/25/12436 | F19: KOREA | G19: 4702056494 | H19: POLO BLACK | I19: 710966294019 | J19: 29 | K19: 29 | L19: 29 | M19: 0 | N19: 29 | O19: 0 | P19: 29 | Q19: 2 | R19: Shipped | S19: Ready By - 13-01-2026 | U19: SENT | V19: DONE | W19: DONE | X19: DONE | Y19: IBKG0000220560 | Z19: SENT
B20: L -8 | C20: V993 | D20: 20 | E20: PRLS/25/12441 | F20: KOREA | G20: 4702056494 | H20: AUSTIN BLUE | I20: 710966294509 | J20: 259 | K20: 275 | L20: 275 | M20: 0 | N20: 275 | O20: 0 | P20: 259 | Q20: 15 | R20: Shipped | S20: Ready By - 13-01-2026 | U20: SENT | V20: DONE | W20: DONE | X20: DONE | Z20: SENT
F21: TOTAL | J21: =SUM(J19:J20) -> 288 | K21: =SUM(K19:K20) -> 304 | L21: =SUM(L19:L20) -> 304 | M21: =SUM(M19:M20) -> 0 | N21: =SUM(N19:N20) -> 304 | O21: =SUM(O19:O20) -> 0 | P21: =SUM(P19:P20) -> 288 | Q21: =SUM(Q19:Q20) -> 17
B23: F Line | C23: PLANT CODE | D23: LINE NO | E23: CON | F23: DESTINATION | G23: PO NO | H23: COLOR | I23: MATERIAL NO | J23: QTY | K23: CUT QTY | L23: Send to Wash / Dye | M23: Balance to Send | N23: Wash / Dye Received | O23: Balance to receive | P23: PACK/SHIP QTY | Q23: CTNS | R23: STATUS | T23: FI to be done by | U23: ASN | V23: WEIGHT | W23: WFX | X23: OCR | Y23: BOOKING NO | Z23: DRAFT
B24: L -5 | C24: V994 | D24: 10 | E24: PRLS/25/12210 | F24: JAPAN | G24: 4702053667 | H24: COOPER BROWN | I24: 710967632004 | J24: 940 | K24: 1024 | L24: 1021 | M24: 3 | N24: 1021 | O24: 0 | P24: 951 | Q24: 55 | R24: Shipped | S24: Ready By - 16-01-2026 | U24: SENT | V24: DONE | W24: DONE | X24: DONE | Y24: IBKG0000220559
F25: TOTAL | J25: =SUM(J24) -> 940 | K25: =SUM(K24) -> 1024 | L25: =SUM(L24) -> 1021 | M25: =SUM(M24) -> 3 | N25: =SUM(N24) -> 1021 | O25: =SUM(O24) -> 0 | P25: =SUM(P24) -> 951 | Q25: =SUM(Q24) -> 55
B27: F Line | C27: PLANT CODE | D27: LINE NO | E27: CON | F27: DESTINATION | G27: PO NO | H27: COLOR | I27: MATERIAL NO | J27: QTY | K27: CUT QTY | L27: Send to Wash / Dye | M27: Balance to Send | N27: Wash / Dye Received | O27: Balance to receive | P27: PACK/SHIP QTY | Q27: CTNS | R27: STATUS | T27: FI to be done by | U27: ASN | V27: WEIGHT | W27: WFX | X27: OCR | Y27: BOOKING NO | Z27: DRAFT
B28: L -8 | C28: NW00 | D28: 30 | E28: PRLS/25/12437 | F28: US | G28: 4702056488 | H28: AUSTIN BLUE | I28: 710966292032 | J28: 1209 | K28: 1450 | L28: =1450-230 -> 1220 | M28: 230 | N28: 1220 | O28: 0 | P28: 1219 | Q28: 73 | R28: Shipped | S28: Ready By - 19-01-2026 | U28: SENT | V28: DONE | W28: DONE | X28: DONE | Y28: IBKG0000220561
F29: TOTAL | J29: =SUM(J28) -> 1209 | K29: =SUM(K28) -> 1450 | L29: =SUM(L28) -> 1220 | M29: =SUM(M28) -> 230 | N29: =SUM(N28) -> 1220 | O29: =SUM(O28) -> 0 | P29: =SUM(P28) -> 1219 | Q29: =SUM(Q28) -> 73
B31: F Line | C31: PLANT CODE | D31: LINE NO | E31: CON | F31: DESTINATION | G31: PO NO | H31: COLOR | I31: MATERIAL NO | J31: QTY | K31: CUT QTY | L31: Send to Wash / Dye | M31: Balance to Send | N31: Wash / Dye Received | O31: Balance to receive | P31: PACK/SHIP QTY | Q31: CTNS | R31: STATUS | T31: FI to be done by | U31: ASN | V31: WEIGHT | W31: WFX | X31: OCR | Y31: BOOKING NO | Z31: DRAFT
B32: L -8 | C32: LA00 | D32: 30 | E32: PRLS/25/12437 | F32: US | G32: 4702055747 | H32: AUSTIN BLUE | I32: 710966292032CUX | J32: 36 | K32: 36 | L32: 36 | M32: 0 | N32: 36 | O32: 0 | P32: 36 | Q32: 3 | R32: Shipped | S32: Ready By - 19-01-2026 | U32: SENT | V32: DONE | W32: DONE | X32: DONE | Y32: IBKG0000220562 | Z32: SENT
B33: L -8 | C33: LA00 | D33: 30 | E33: PRLS/25/12437 | F33: US | G33: 4702055741 | H33: AUSTIN BLUE | I33: 710966292032AAA | J33: 64 | K33: 64 | L33: 64 | M33: 0 | N33: 64 | O33: 0 | P33: 64 | Q33: 8 | R33: Shipped | S33: Ready By - 19-01-2026 | U33: SENT | V33: DONE | W33: DONE | X33: DONE | Z33: SENT
B34: L -8 | C34: LA00 | D34: 30 | E34: PRLS/25/12437 | F34: US | G34: 4702055748 | H34: AUSTIN BLUE | I34: 710966292032CUY | J34: 48 | K34: 48 | L34: 48 | M34: 0 | N34: 48 | O34: 0 | P34: 48 | Q34: 4 | R34: Shipped | S34: Ready By - 19-01-2026 | U34: SENT | V34: DONE | W34: DONE | X34: DONE | Z34: SENT
B35: L -8 | C35: LA00 | D35: 30 | E35: PRLS/25/12437 | F35: US | G35: 4702055743 | H35: AUSTIN BLUE | I35: 710966292032ANN | J35: 488 | K35: 488 | L35: 488 | M35: 0 | N35: 488 | O35: 0 | P35: 488 | Q35: 61 | R35: Shipped | S35: Ready By - 19-01-2026 | U35: SENT | V35: DONE | W35: DONE | X35: DONE | Z35: SENT
B36: L -8 | C36: LA00 | D36: 30 | E36: PRLS/25/12437 | F36: US | G36: 4702055749 | H36: AUSTIN BLUE | I36: 710966292032CUZ | J36: 36 | K36: 36 | L36: 36 | M36: 0 | N36: 36 | O36: 0 | P36: 36 | Q36: 3 | R36: Shipped | S36: Ready By - 19-01-2026 | U36: SENT | V36: DONE | W36: DONE | X36: DONE | Z36: SENT
B37: L -8 | C37: LA00 | D37: 30 | E37: PRLS/25/12437 | F37: US | G37: 4702055742 | H37: AUSTIN BLUE | I37: 710966292032ANI | J37: 936 | K37: 988 | L37: 988 | M37: 0 | N37: 988 | O37: 0 | P37: 936 | Q37: 156 | R37: Shipped | S37: Ready By - 19-01-2026 | U37: SENT | V37: DONE | W37: DONE | X37: DONE | Z37: SENT
B38: L -8 | C38: LA00 | D38: 30 | E38: PRLS/25/12437 | F38: US | G38: 4702055750 | H38: AUSTIN BLUE | I38: 710966292032CVA | J38: 12 | K38: 12 | L38: 12 | M38: 0 | N38: 12 | O38: 0 | P38: 12 | Q38: 1 | R38: Shipped | S38: Ready By - 19-01-2026 | U38: SENT | V38: DONE | W38: DONE | X38: DONE | Z38: SENT
B39: L -8 | C39: LA00 | D39: 30 | E39: PRLS/25/12437 | F39: US | G39: 4702055745 | H39: AUSTIN BLUE | I39: 710966292032CRV | J39: 150 | K39: 155 | L39: 155 | M39: 0 | N39: 155 | O39: 0 | P39: 150 | Q39: 25 | R39: Shipped | S39: Ready By - 19-01-2026 | U39: SENT | V39: DONE | W39: DONE | X39: DONE | Z39: SENT
B40: L -8 | C40: LA00 | D40: 30 | E40: PRLS/25/12437 | F40: US | G40: 4702055744 | H40: AUSTIN BLUE | I40: 710966292032ARF | J40: 360 | K40: =380+21 -> 401 | L40: 401 | M40: 0 | N40: 401 | O40: 0 | P40: 360 | Q40: 60 | R40: Shipped | S40: Ready By - 19-01-2026 | U40: SENT | V40: DONE | W40: DONE | X40: DONE | Z40: SENT
B41: L -8 | C41: LA00 | D41: 30 | E41: PRLS/25/12437 | F41: US | G41: 4702055746 | H41: AUSTIN BLUE | I41: 710966292032CUW | J41: 12 | K41: 12 | L41: 12 | M41: 0 | N41: 12 | O41: 0 | P41: 12 | Q41: 1 | R41: Shipped | S41: Ready By - 19-01-2026 | U41: SENT | V41: DONE | W41: DONE | X41: DONE
F42: TOTAL | J42: =SUM(J32:J41) -> 2142 | K42: =SUM(K32:K41) -> 2240 | L42: =SUM(L32:L41) -> 2240 | M42: =SUM(M32:M41) -> 0 | N42: =SUM(N32:N41) -> 2240 | O42: =SUM(O32:O41) -> 0 | P42: =SUM(P32:P41) -> 2142 | Q42: =SUM(Q32:Q41) -> 322
B44: AIR BOOKING
B45: F Line | C45: PLANT CODE | D45: LINE NO | E45: CON | F45: DESTINATION | G45: PO NO | H45: COLOR | I45: MATERIAL NO | J45: QTY | K45: CUT QTY | L45: Send to Wash / Dye | M45: Balance to Send | N45: Wash / Dye Received | O45: Balance to receive | P45: PACK/SHIP QTY | Q45: CTNS | R45: STATUS | T45: FI to be done by | U45: ASN | V45: WEIGHT | W45: WFX | X45: OCR | Y45: BOOKING NO | Z45: DRAFT
B46: L -8 | C46: TO17 | D46: 30 | E46: PRLS/25/12437 | F46: CANADA | G46: 4702056489 | H46: AUSTIN BLUE | I46: 710966292032 | J46: 207 | P46: 207 | Q46: 14 | R46: SHIPPED | S46: Ready By - 19-01-2026 | U46: SENT | V46: DONE | W46: DONE | X46: DONE | Y46: IBKG0000227404
B47: L -5 | C47: CA10 | D47: 10 | E47: PRLS/25/12442 | F47: ITALY | G47: 4702056496 | H47: AUSTIN BLUE | I47: 710968912501 | J47: 524 | P47: 534 | Q47: 26 | R47: SHIPPED | S47: Ready By - 14-01-2026 | U47: SENT | V47: DONE | W47: DONE | X47: DONE | Y47: IBKG0000227406
B48: L -8 | C48: CA10 | D48: 40 | E48: PRLS/25/12441 | F48: ITALY | G48: 4702056492 | H48: AUSTIN BLUE | I48: 710966294509 | J48: 762 | K48: 780 | L48: 760 | M48: 20 | N48: 760 | P48: 777 | Q48: 46 | R48: SHIPPED | S48: Ready By - 19-01-2026 | U48: SENT | V48: DONE | W48: DONE | X48: DONE
F49: TOTAL | J49: =SUM(J46:J48) -> 1493 | K49: =SUM(K48) -> 780 | L49: =SUM(L48) -> 760 | M49: =SUM(M48) -> 20 | N49: =SUM(N48) -> 760 | O49: =SUM(O48) -> 0 | P49: =SUM(P46:P48) -> 1518 | Q49: =SUM(Q46:Q48) -> 86
B51: GRAND TOTAL | J51: =+J8+J16+J21+J25+J29+J42+J49 -> 12792 | K51: =K8+K16+K21+K25+K29+K42 -> 21395 | L51: =L8+L16+L21+L25+L29+L42 -> 18382 | M51: =M8+M16+M21+M25+M29+M42 -> 3013 | N51: =N8+N16+N21+N25+N29+N42 -> 18382 | O51: =O8+O16+O21+O25+O29+O42 -> 0 | P51: =+P8+P16+P21+P25+P29+P42+P49 -> 12975 | Q51: =+Q8+Q16+Q21+Q25+Q29+Q42+Q49 -> 954

Sheet CDD - 18-01-2026-SHIPPED
H2: =NOW()-TRUNC(NOW()) -> 0.61871759 | I2: G Total | J2: =SUBTOTAL(9,#REF!,#REF!,#REF!,#REF!,#REF!,#REF!,#REF!,J78:J79,J41:J43,#REF!) -> #REF! | K2: =SUBTOTAL(9,#REF!,#REF!,#REF!,#REF!,#REF!,#REF!,#REF!,K78:K79,K41:K43,#REF!) -> #REF! | L2: =SUBTOTAL(9,#REF!,#REF!,#REF!,#REF!,#REF!,#REF!,#REF!,L78:L79,L41:L43,#REF!) -> #REF! | M2: =SUBTOTAL(9,#REF!,#REF!,#REF!,#REF!,#REF!,#REF!,#REF!,M78:M79,M41:M43,#REF!) -> #REF! | N2: =SUBTOTAL(9,#REF!,#REF!,#REF!,#REF!,#REF!,#REF!,#REF!,N78:N79,N41:N43,#REF!) -> #REF! | O2: =SUBTOTAL(9,#REF!,#REF!,#REF!,#REF!,#REF!,#REF!,#REF!,O78:O79,O41:O43,#REF!) -> #REF! | P2: =SUBTOTAL(9,#REF!,#REF!,#REF!,#REF!,#REF!,#REF!,#REF!,P78:P79,P41:P43,#REF!) -> #REF! | Q2: =SUBTOTAL(9,#REF!,#REF!,#REF!,#REF!,#REF!,#REF!,#REF!,Q78:Q79,Q41:Q43,#REF!) -> #REF! | R2: =SUBTOTAL(9,#REF!,#REF!,#REF!,#REF!,#REF!,#REF!,#REF!,R80,R44,#REF!) -> #REF!
E3: SEA - FOB - CHENNAI | F3: TRUCKOUT ON - 30.12.2025 | H3: CDD - 11.01.2026
B4: F Line | C4: PLANT CODE | D4: LINE NO | E4: CON | F4: DESTINATION | G4: PO NO | H4: COLOR | I4: MATERIAL NO | J4: QTY | K4: CUT QTY | L4: Send to Wash / Dye | M4: Balance to Send | N4: Wash / Dye Received | O4: Balance to receive | P4: PACK/SHIP QTY | Q4: CTNS | R4: STATUS | S4: FI to be done by | T4: ASN | U4: WEIGHT | V4: WFX | W4: OCR | X4: BOOKING NO | Y4: NEW BOOKING NO | Z4: INV NO | AA4: DRAFT
B5: 5 | C5: TO17 | D5: 20 | E5: PRLS/25/12434 | F5: CANADA | G5: 4702056489 | H5: POLO BLACK | I5: 710966292015 | J5: 12 | P5: 12 | Q5: 1 | R5: To City office | S5: VQA | T5: SENT | U5: DONE | V5: DONE | W5: DONE | X5: IBKG0000216865 | Y5: IBKG0000226916 | AA5: SENT
F6: TOTAL | J6: =SUM(J5) -> 12 | K6: =SUM(K5) -> 0 | L6: =SUM(L5) -> 0 | M6: =SUM(M5) -> 0 | N6: =SUM(N5) -> 0 | O6: =SUM(O5) -> 0 | P6: =SUM(P5) -> 12 | Q6: =SUM(Q5) -> 1
E9: AIR BOOKING
B10: F Line | C10: PLANT CODE | D10: LINE NO | E10: CON | F10: DESTINATION | G10: PO NO | H10: COLOR | I10: MATERIAL NO | J10: QTY | K10: CUT QTY | L10: Send to Wash / Dye | M10: Balance to Send | N10: Wash / Dye Received | O10: Balance to receive | P10: PACK/SHIP QTY | Q10: CTNS | R10: STATUS | S10: FI to be done by | T10: ASN | U10: WEIGHT | V10: WFX | W10: OCR | X10: BOOKING NO | Y10: DO | Z10: INV NO | AA10: DRAFT
E11: PRLS/25/10999 | F11: KOREA | G11: 4702008417 | H11: INDIGO BLUE/CREAM MULTI | I11: 782P05370001 | J11: 184 | P11: 200 | Q11: 9 | R11: Shipped | T11: DONE | U11: DONE | V11: DONE | W11: DONE | X11: IBKG0000223075 | AA11: SENT
E12: PRLS/25/10999 | F12: JAPAN | G12: 4702008418 | H12: INDIGO BLUE/CREAM MULTI | I12: 782P05370001 | J12: 93 | P12: 93 | Q12: 4 | R12: Shipped | T12: DONE | U12: DONE | V12: DONE | W12: DONE | X12: IBKG0000223072 | AA12: SENT
E13: PRLS/25/10999 | F13: HK | G13: 4702008416 | H13: INDIGO BLUE/CREAM MULTI | I13: 782P05370001 | J13: 93 | P13: 93 | Q13: 4 | R13: To City office | T13: SENT | U13: DONE | V13: DONE | W13: DONE | X13: IBKG0000218612 | AA13: SENT
E14: PRLS/25/12433 | F14: CANADA | G14: 4702056489 | H14: CARMEL PINK | I14: 710966292008 | J14: 25 | P14: 25 | Q14: 2 | R14: To City office | T14: SENT | U14: DONE | V14: DONE | W14: DONE | X14: IBKG0000223079 | AA14: SENT
J15: =SUM(J11:J14) -> 395 | P15: =SUM(P11:P14) -> 411 | Q15: =SUM(Q11:Q14) -> 19
B19: F Line | C19: PLANT CODE | D19: LINE NO | E19: CON | F19: DESTINATION | G19: PO NO | H19: COLOR | I19: MATERIAL NO | J19: QTY | K19: CUT QTY | L19: Send to Wash / Dye | M19: Balance to Send | N19: Wash / Dye Received | O19: Balance to receive | P19: PACK/SHIP QTY | Q19: CTNS | R19: STATUS | S19: FI to be done by | T19: ASN | U19: WEIGHT | V19: WFX | W19: OCR | X19: BOOKING NO
B21: RRL | C21: HD00 | D21: 10 | E21: PRLS/25/10999 | F21: US | G21: 4702008414 | H21: INDIGO BLUE/CREAM MULTI | I21: 782P05370001 | J21: 162 | P21: 169 | Q21: 8 | R21: Shipped | S21: VQA | T21: SENT | V21: DONE | W21: DONE | X21: IBKG0000218607
F22: TOTAL | J22: =SUM(J21) -> 162 | K22: =SUM(K21) -> 0 | L22: =SUM(L21) -> 0 | M22: =SUM(M21) -> 0 | N22: =SUM(N21) -> 0 | O22: =SUM(O21) -> 0 | P22: =SUM(P21) -> 169 | Q22: =SUM(Q21) -> 8
B24: RATIO | C24: LA00 | D24: 10 | E24: PRLS/25/12433 | F24: US | G24: 4702055743 | H24: CARMEL PINK | I24: 710966292008ANN | J24: 400 | P24: 400 | Q24: 50 | R24: Shipped | S24: VQA | T24: SENT | U24: DONE | V24: DONE | W24: DONE | X24: IBKG0000218608
B25: RATIO | C25: LA00 | D25: 10 | E25: PRLS/25/12433 | F25: US | G25: 4702055744 | H25: CARMEL PINK | I25: 710966292008ARF | J25: 396 | P25: 396 | Q25: 66 | R25: Shipped | S25: VQA | T25: SENT | U25: DONE | V25: DONE | W25: DONE
B26: RATIO | C26: LA00 | D26: 10 | E26: PRLS/25/12433 | F26: US | G26: 4702055741 | H26: CARMEL PINK | I26: 710966292008AAA | J26: 48 | P26: 48 | Q26: 6 | R26: Shipped | S26: VQA | T26: SENT | U26: DONE | V26: DONE | W26: DONE
B27: RATIO | C27: LA00 | D27: 10 | E27: PRLS/25/12433 | F27: US | G27: 4702055742 | H27: CARMEL PINK | I27: 710966292008ANI | J27: 888 | P27: 888 | Q27: 148 | R27: Shipped | S27: VQA | T27: SENT | U27: DONE | V27: DONE | W27: DONE
B28: RATIO | C28: LA00 | D28: 10 | E28: PRLS/25/12433 | F28: US | G28: 4702055746 | H28: CARMEL PINK | I28: 710966292008CUW | J28: 24 | P28: 24 | Q28: 2 | R28: Shipped | S28: VQA | T28: SENT | U28: DONE | V28: DONE | W28: DONE
B29: RATIO | C29: LA00 | D29: 10 | E29: PRLS/25/12433 | F29: US | G29: 4702055747 | H29: CARMEL PINK | I29: 710966292008CUX | J29: 72 | P29: 72 | Q29: 6 | R29: Shipped | S29: VQA | T29: SENT | U29: DONE | V29: DONE | W29: DONE
B30: RATIO | C30: LA00 | D30: 10 | E30: PRLS/25/12433 | F30: US | G30: 4702055748 | H30: CARMEL PINK | I30: 710966292008CUY | J30: 96 | P30: 96 | Q30: 8 | R30: Shipped | S30: VQA | T30: SENT | U30: DONE | V30: DONE | W30: DONE
B31: RATIO | C31: LA00 | D31: 10 | E31: PRLS/25/12433 | F31: US | G31: 4702055750 | H31: CARMEL PINK | I31: 710966292008CVA | J31: 36 | P31: 36 | Q31: 3 | R31: Shipped | S31: VQA | T31: SENT | U31: DONE | V31: DONE | W31: DONE
B32: RATIO | C32: LA00 | D32: 10 | E32: PRLS/25/12433 | F32: US | G32: 4702055749 | H32: CARMEL PINK | I32: 710966292008CUZ | J32: 60 | P32: 60 | Q32: 5 | R32: Shipped | S32: VQA | T32: SENT | U32: DONE | V32: DONE | W32: DONE
B33: RATIO | C33: LA00 | D33: 10 | E33: PRLS/25/12433 | F33: US | G33: 4702055745 | H33: CARMEL PINK | I33: 710966292008CRV | J33: 168 | P33: 168 | Q33: 28 | R33: Shipped | S33: VQA | T33: SENT | U33: DONE | V33: DONE | W33: DONE
B34: RATIO | C34: LA00 | D34: 10 | E34: PRLS/25/12438 | F34: US | G34: 4702055752 | H34: POLO BLACK | I34: 710966293015CUX | J34: 60 | P34: 60 | Q34: 5 | R34: Shipped | S34: VQA | T34: SENT | U34: DONE | V34: DONE | W34: DONE
B35: RATIO | C35: LA00 | D35: 10 | E35: PRLS/25/12438 | F35: US | G35: 4702055753 | H35: POLO BLACK | I35: 710966293015CUY | J35: 96 | P35: 96 | Q35: 8 | R35: Shipped | S35: VQA | T35: SENT | U35: DONE | V35: DONE | W35: DONE
B36: RATIO | C36: LA00 | D36: 10 | E36: PRLS/25/12438 | F36: US | G36: 4702055754 | H36: POLO BLACK | I36: 710966293015CUZ | J36: 72 | P36: 72 | Q36: 6 | R36: Shipped | S36: VQA | T36: SENT | U36: DONE | V36: DONE | W36: DONE
... B38: RATIO | C38: LA00 | D38: 10 | E38: PRLS/25/12438 | F38: US | G38: 4702055755 | H38: POLO BLACK | I38: 710966293015CVA | J38: 48 | P38: 48 | Q38: 4 | R38: Shipped | S38: VQA | T38: SENT | U38: DONE | V38: DONE | W38: DONE
F39: TOTAL | J39: =SUM(J24:J38) -> 2488 | K39: =SUM(K24:K38) -> 0 | L39: =SUM(L24:L38) -> 0 | M39: =SUM(M24:M38) -> 0 | N39: =SUM(N24:N38) -> 0 | O39: =SUM(O24:O38) -> 0 | P39: =SUM(P24:P38) -> 2488 | Q39: =SUM(Q24:Q38) -> 347
C41: V994 | D41: 20 | E41: PRLS/25/12140 | F41: JAPAN | G41: 4702043045 | H41: 7188B BLUE WHITE | I41: 710B15594005 | J41: 446 | P41: 455 | Q41: 26 | R41: Shipped | S41: VQA | T41: SENT | U41: DONE | V41: DONE | W41: DONE | X41: IBKG0000218613
C42: V994 | D42: 30 | E42: PRLS/25/12141 | F42: JAPAN | G42: 4702043045 | H42: 7188E COASTAL BEIGE WHITE | I42: 710B15594006 | J42: 508 | P42: 522 | Q42: 29 | R42: Shipped | S42: VQA | T42: SENT | U42: DONE | V42: DONE | W42: DONE
C43: V994 | D43: 10 | E43: PRLS/25/12139 | F43: JAPAN | G43: 4702043045 | H43: 7188A WHITE BLUE | I43: 710B15594004 | J43: 45 | P43: 45 | Q43: 3 | R43: Shipped | S43: VQA | T43: SENT | U43: DONE | V43: DONE | W43: DONE
F44: TOTAL | J44: =SUM(J41:J43) -> 999 | K44: =SUM(K41:K43) -> 0 | L44: =SUM(L41:L43) -> 0 | M44: =SUM(M41:M43) -> 0 | N44: =SUM(N41:N43) -> 0 | O44: =SUM(O41:O43) -> 0 | P44: =SUM(P41:P43) -> 1022 | Q44: =SUM(Q41:Q43) -> 58
C47: PLANT CODE | D47: LINE NO | E47: CON | F47: DESTINATION | G47: PO NO | H47: COLOR | I47: MATERIAL NO | J47: QTY | K47: CUT QTY | L47: Send to Wash / Dye | M47: Balance to Send | N47: Wash / Dye Received | O47: Balance to receive | P47: PACK/SHIP QTY | Q47: CTNS | R47: STATUS as on 7th Jan | S47: FI to be done by | T47: ASN | U47: WEIGHT | V47: WFX | W47: OCR | X47: BOOKING NO
C48: CA10 | D48: 10 | E48: PRLS/25/12198 | F48: ITALY | G48: 4702049202 | H48: 6707A NAVY/GREEN MULTI | I48: 710965825001 | J48: 30 | P48: 30 | Q48: 3 | R48: Shipped | S48: VQA | T48: SENT | U48: DONE | V48: DONE | W48: DONE | X48: IBKG0000218603
C49: CA10 | D49: 20 | E49: PRLS/25/12199 | F49: ITALY | G49: 4702049202 | H49: 6707B RED/GREEN MULTI | I49: 710965825002 | J49: 30 | P49: 30 | Q49: 3 | R49: Shipped | S49: VQA | T49: SENT | U49: DONE | V49: DONE | W49: DONE
C50: CA10 | D50: 30 | E50: PRLS/25/12201 | F50: ITALY | G50: 4702049202 | H50: 6707C TURQUISE/RED MULTI | I50: 710965825003 | J50: 30 | P50: 30 | Q50: 3 | R50: Shipped | S50: VQA | T50: SENT | U50: DONE | V50: DONE | W50: DONE
F51: TOTAL | J51: =SUM(J48:J50) -> 90 | K51: =SUM(K48:K50) -> 0 | L51: =SUM(L48:L50) -> 0 | M51: =SUM(M48:M50) -> 0 | N51: =SUM(N48:N50) -> 0 | O51: =SUM(O48:O50) -> 0 | P51: =SUM(P48:P50) -> 90 | Q51: =SUM(Q48:Q50) -> 9
C53: CA20 | D53: 10 | E53: PRLS/25/12198 | F53: ITALY | G53: 4702049203 | H53: 6707A NAVY/GREEN MULTI | I53: 710965825001 | J53: 950 | P53: 941 | Q53: 50 | R53: Shipped | S53: VQA | T53: SENT | U53: DONE | V53: DONE | W53: DONE | X53: IBKG0000218604
C54: CA20 | D54: 20 | E54: PRLS/25/12199 | F54: ITALY | G54: 4702049203 | H54: 6707B RED/GREEN MULTI | I54: 710965825002 | J54: 874 | P54: 882 | Q54: 46 | R54: Shipped | S54: VQA | T54: SENT | U54: DONE | V54: DONE | W54: DONE
C55: CA20 | D55: 30 | E55: PRLS/25/12201 | F55: ITALY | G55: 4702049203 | H55: 6707C TURQUISE/RED MULTI | I55: 710965825003 | J55: 650 | P55: 625 | Q55: 34 | R55: Shipped | S55: VQA | T55: SENT | U55: DONE | V55: DONE | W55: DONE
F56: TOTAL | J56: =SUM(J53:J55) -> 2474 | K56: =SUM(K53:K55) -> 0 | L56: =SUM(L53:L55) -> 0 | M56: =SUM(M53:M55) -> 0 | N56: =SUM(N53:N55) -> 0 | O56: =SUM(O53:O55) -> 0 | P56: =SUM(P53:P55) -> 2448 | Q56: =SUM(Q53:Q55) -> 130
C58: DS00 | D58: 10 | E58: PRLS/25/12438 | F58: RL-Mexico | G58: 4702064965 | H58: POLO BLACK | I58: 710966293015 | J58: 954 | P58: 955 | Q58: 45 | R58: Shipped | S58: VQA | T58: SENT | U58: DONE | V58: DONE | W58: DONE | X58: IBKG0000218861
F59: TOTAL | J59: =SUM(J58) -> 954 | K59: =SUM(K58) -> 0 | L59: =SUM(L58) -> 0 | M59: =SUM(M58) -> 0 | N59: =SUM(N58) -> 0 | O59: =SUM(O58) -> 0 | P59: =SUM(P58) -> 955 | Q59: =SUM(Q58) -> 45
C61: CA10 | D61: 10 | E61: PRLS/25/10999 | F61: ITALY | G61: 4702008413 | H61: INDIGO BLUE/CREAM MULTI | I61: 782P05370001 | J61: 106 | P61: 106 | Q61: 5 | R61: Shipped | S61: VQA | T61: SENT | U61: DONE | V61: DONE | W61: DONE | X61: IBKG0000218606
C62: CA10 | D62: 10 | E62: PRLS/25/12436 | F62: ITALY | G62: 4702056492 | H62: POLO BLACK | I62: 710966294019 | J62: 2371 | P62: 2421 | Q62: 140 | R62: Shipped | S62: QIMA | T62: SENT | U62: DONE | V62: DONE | W62: DONE
F63: TOTAL | J63: =SUM(J61:J62) -> 2477 | K63: =SUM(K61:K62) -> 0 | L63: =SUM(L61:L62) -> 0 | M63: =SUM(M61:M62) -> 0 | N63: =SUM(N61:N62) -> 0 | O63: =SUM(O61:O62) -> 0 | P63: =SUM(P61:P62) -> 2527 | Q63: =SUM(Q61:Q62) -> 145
C66: NW00 | D66: 10 | E66: PRLS/25/10999 | F66: US | G66: 4702008415 | H66: INDIGO BLUE/CREAM MULTI | I66: 782P05370001 | J66: 48 | P66: 48 | Q66: 3 | R66: Shipped | S66: VQA | T66: SENT | U66: DONE | V66: DONE | W66: DONE | X66: IBKG0000218609
C67: NW00 | D67: 10 | E67: PRLS/25/10999 | F67: US | G67: 4702043118 | H67: INDIGO BLUE/CREAM MULTI | I67: 782P05370001 | J67: 3 | P67: 3 | Q67: 1 | R67: Shipped | S67: VQA | T67: SENT | U67: DONE | V67: DONE | W67: DONE
C68: NW00 | D68: 10 | E68: PRLS/25/12438 | F68: US | G68: 4702056490 | H68: POLO BLACK | I68: 710966293015 | J68: 3854 | P68: 3888 | Q68: 186 | R68: Shipped | S68: QIMA | T68: SENT | U68: DONE | V68: DONE | W68: DONE
C69: NW00 | D69: 10 | E69: PRLS/25/12433,PRLS/25/10974 | F69: US | G69: 4702056488 | H69: CARMEL PINK | I69: 710966292008 | J69: 1362 | P69: 1400 | Q69: 81 | R69: Shipped | S69: VQA | T69: SENT | U69: DONE | V69: DONE | W69: DONE
F70: TOTAL | J70: =SUM(J66:J69) -> 5267 | K70: =SUM(K66:K69) -> 0 | L70: =SUM(L66:L69) -> 0 | M70: =SUM(M66:M69) -> 0 | N70: =SUM(N66:N69) -> 0 | O70: =SUM(O66:O69) -> 0 | P70: =SUM(P66:P69) -> 5339 | Q70: =SUM(Q66:Q69) -> 271
C72: TO40 | D72: 10 | E72: PRLS/25/12323 | F72: CANADA | G72: 4702053674 | H72: POLO BLACK | I72: 710967894500 | J72: 180 | P72: 180 | Q72: 9 | R72: Shipped | S72: VQA | T72: SENT | U72: DONE | V72: DONE | W72: DONE | X72: IBKG0000218615
C73: TO40 | D73: 20 | E73: PRLS/25/12212 | F73: CANADA | G73: 4702053662 | H73: POLO BLACK | I73: 710967632010 | J73: 608 | P73: 608 | Q73: 35 | R73: Shipped | S73: VQA | T73: SENT | U73: DONE | V73: DONE | W73: DONE
F74: TOTAL | J74: =SUM(J72:J73) -> 788 | K74: =SUM(K72:K73) -> 0 | L74: =SUM(L72:L73) -> 0 | M74: =SUM(M72:M73) -> 0 | N74: =SUM(N72:N73) -> 0 | O74: =SUM(O72:O73) -> 0 | P74: =SUM(P72:P73) -> 788 | Q74: =SUM(Q72:Q73) -> 44
E76: SEA - FOB - CHENNAI | F76: TRUCKOUT ON - 08.01.2025 | H76: 46040 | R76: TODAY | S76: =TODAY() -> 46120
B77: F Line | C77: PLANT CODE | D77: LINE NO | E77: CON | F77: DESTINATION | G77: PO NO | H77: COLOR | I77: MATERIAL NO | J77: QTY | K77: CUT QTY | L77: Send to Wash / Dye | M77: Balance to Send | N77: Wash / Dye Received | O77: Balance to receive | P77: PACK/SHIP QTY | Q77: CTNS | R77: STATUS | S77: FI to be done by | T77: ASN | U77: WEIGHT | V77: WFX | W77: OCR | X77: BOOKING NO | Y77: DO | Z77: INV NO | AA77: DRAFT
C78: PF00 | D78: 10 | E78: PRLS/25/12323 | F78: US | G78: 4702053673 | H78: POLO BLACK | I78: 710967894500 | J78: 2820 | P78: 2881 | Q78: 136 | R78: shipped | S78: VQA | T78: DONE | U78: DONE | V78: DONE | W78: DONE | X78: IBKG0000218611
C79: PF00 | D79: 20 | E79: PRLS/25/12212 | F79: US | G79: 4702053661 | H79: POLO BLACK | I79: 710967632010 | J79: 6992 | P79: 7096 | Q79: 408 | R79: shipped | S79: VQA-FQA - Inline | T79: DONE | U79: DONE | V79: DONE | W79: DONE
F80: TOTAL | J80: =SUM(J78:J79) -> 9812 | K80: =SUM(K78:K79) -> 0 | L80: =SUM(L78:L79) -> 0 | M80: =SUM(M78:M79) -> 0 | N80: =SUM(N78:N79) -> 0 | O80: =SUM(O78:O79) -> 0 | P80: =SUM(P78:P79) -> 9977 | Q80: =SUM(Q78:Q79) -> 544
B82: GRAND TOTAL | J82: =J80 -> 9812 | K82: =SUM(#REF!,#REF!,#REF!,#REF!,#REF!,#REF!,#REF!,K78:K79,K41:K43,#REF!) -> #REF! | L82: =SUM(#REF!,#REF!,#REF!,#REF!,#REF!,#REF!,#REF!,L78:L79,L41:L43,#REF!) -> #REF! | M82: =SUM(#REF!,#REF!,#REF!,#REF!,#REF!,#REF!,#REF!,M78:M79,M41:M43,#REF!) -> #REF! | N82: =SUM(#REF!,#REF!,#REF!,#REF!,#REF!,#REF!,#REF!,N78:N79,N41:N43,#REF!) -> #REF! | O82: =SUM(#REF!,#REF!,#REF!,#REF!,#REF!,#REF!,#REF!,O78:O79,O41:O43,#REF!) -> #REF! | P82: =P80 -> 9977 | Q82: =Q80 -> 544

Sheet CDD - 11-01-2026 - SHIPPED
H2: =NOW()-TRUNC(NOW()) -> 0.61871759 | I2: G Total | J2: =SUBTOTAL(9,J52:J62,J66:J72,J76,J80,J5,J10) -> 25608 | K2: =SUBTOTAL(9,K52:K64,#REF!,#REF!,K5:K50) -> #REF! | L2: =SUBTOTAL(9,L52:L64,#REF!,#REF!,L5:L50) -> #REF! | M2: =SUBTOTAL(9,M52:M64,#REF!,#REF!,M5:M50) -> #REF! | N2: =SUBTOTAL(9,N52:N64,#REF!,#REF!,N5:N50) -> #REF! | O2: =SUBTOTAL(9,O52:O64,#REF!,#REF!,O5:O50) -> #REF! | P2: =SUBTOTAL(9,P52:P62,P66:P72,P76,P80,P5,P10) -> 25661 | Q2: =SUBTOTAL(9,Q52:Q62,Q66:Q72,Q76,Q80,Q5,Q10) -> 1432 | R2: =P2/J2*100 -> 100.20697
E3: SEA - FOB - CHENNAI | F3: TRUCKOUT ON - 30.12.2025 | H3: CDD - 11.01.2026
B4: F Line | C4: PLANT CODE | D4: LINE NO | E4: CON | F4: DESTINATION | G4: PO NO | H4: COLOR | I4: MATERIAL NO | J4: QTY | K4: CUT QTY | L4: Send to Wash / Dye | M4: Balance to Send | N4: Wash / Dye Received | O4: Balance to receive | P4: PACK/SHIP QTY | Q4: CTNS | R4: STATUS | S4: FI to be done by | T4: ASN | U4: WEIGHT | V4: WFX | W4: OCR | X4: BOOKING NO | Y4: DO | Z4: INV NO | AA4: DRAFT
B5: 5 | C5: TO17 | D5: 20 | E5: PRLS/25/12434 | F5: CANADA | G5: 4702056489 | H5: 5463 WHITE/YELLOW MULTI | I5: 710966292015 | J5: 12 | P5: 12 | Q5: 1 | R5: Ready to ship | S5: VQA | T5: DONE | V5: DONE | W5: DONE | X5: IBKG0000216865 | AA5: SENT
F6: TOTAL | J6: =SUM(J5) -> 12 | K6: =SUM(K5) -> 0 | L6: =SUM(L5) -> 0 | M6: =SUM(M5) -> 0 | N6: =SUM(N5) -> 0 | O6: =SUM(O5) -> 0 | P6: =SUM(P5) -> 12 | Q6: =SUM(Q5) -> 1
E8: AIR - FOB -B.LORE | F8: TRUCKOUT ON - 30.12.2025 | H8: CDD - 11.01.2026
B9: Line | C9: PLANT CODE | D9: LINE NO | E9: CON | F9: DESTINATION | G9: PO NO | H9: COLOR | I9: MATERIAL NO | J9: QTY | K9: CUT QTY | L9: Send to Wash / Dye | M9: Balance to Send | N9: Wash / Dye Received | O9: Balance to receive | P9: PACK/SHIP QTY | Q9: CTNS | R9: STATUS | S9: FI to be done by | T9: ASN | U9: WEIGHT | V9: WFX | W9: OCR | X9: BOOKING NO | Y9: DO | Z9: INV NO
B10: 5 | C10: PF00 | D10: 10 | E10: PRLS/25/12333 | F10: US | G10: 4702049225 | H10: 6555E KEY WEST WHITE | I10: 710B22363001 | J10: 100 | P10: 100 | Q10: 7 | R10: SHIPPED TO CITY OFFICE | S10: VQA | T10: DONE | V10: Done | W10: Done | X10: IBKG0000219578 | AA10: SENT
F11: TOTAL | J11: =SUM(J10) -> 100 | K11: =SUM(K10) -> 0 | L11: =SUM(L10) -> 0 | M11: =SUM(M10) -> 0 | N11: =SUM(N10) -> 0 | O11: =SUM(O10) -> 0 | P11: =SUM(P10) -> 100 | Q11: =SUM(Q10) -> 7
H14: GRAND TOTAL | J14: =+J6+J11 -> 112 | K14: =+K6+K11 -> 0 | L14: =+L6+L11 -> 0 | M14: =+M6+M11 -> 0 | N14: =+N6+N11 -> 0 | O14: =+O6+O11 -> 0 | P14: =+P6+P11 -> 112 | Q14: =+Q6+Q11 -> 8
I18: 730
I19: 737
B21: Line | C21: PLANT CODE | D21: LINE NO | E21: CON | F21: DESTINATION | G21: PO NO | H21: COLOR | I21: MATERIAL NO | J21: QTY | K21: CUT QTY | L21: Send to Wash / Dye | M21: Balance to Send | N21: Wash / Dye Received | O21: Balance to receive | P21: PACK/SHIP QTY | Q21: CTNS | R21: STATUS | S21: FI to be done by | T21: ASN | U21: WEIGHT | V21: WFX | W21: OCR | X21: BOOKING NO | Y21: DO | Z21: INV NO
B22: 6 | C22: PF00 | D22: 10 | E22: PRLS/25/12211 | F22: US | G22: 4702053661 | H22: CARMEL PINK | I22: 710967632006 | J22: 3036 | P22: 3090 | Q22: 179 | R22: SHIPPED | S22: - | T22: DONE | U22: DONE | V22: DONE | W22: DONE | X22: IBKG0000216225
B23: 5 | C23: PF00 | D23: 10 | E23: PRLS/25/12333 | F23: US | G23: 4702049224 | H23: 6555E KEY WEST WHITE | I23: 710B22363001 | J23: 3764 | P23: 3851 | Q23: 221 | R23: SHIPPED | S23: - | T23: DONE | U23: DONE | V23: DONE | W23: DONE
F24: TOTAL | J24: =SUM(J22:J23) -> 6800 | K24: =SUM(#REF!) -> #REF! | L24: =SUM(#REF!) -> #REF! | M24: =SUM(#REF!) -> #REF! | N24: =SUM(#REF!) -> #REF! | O24: =SUM(#REF!) -> #REF! | P24: =SUM(P22:P23) -> 6941 | Q24: =SUM(Q22:Q23) -> 400
B26: Line | C26: PLANT CODE | D26: LINE NO | E26: CON | F26: DESTINATION | G26: PO NO | H26: COLOR | I26: MATERIAL NO | J26: QTY | K26: CUT QTY | L26: Send to Wash / Dye | M26: Balance to Send | N26: Wash / Dye Received | O26: Balance to receive | P26: PACK/SHIP QTY | Q26: CTNS | R26: STATUS | S26: FI to be done by | T26: ASN | U26: WEIGHT | V26: WFX | W26: OCR | X26: BOOKING NO | Y26: DO | Z26: INV NO
B27: 5 | C27: LA00 | D27: 20 | E27: PRLS/25/12434 | F27: US | G27: 4702055741 | H27: POLO BLACK | I27: 710966292015 | J27: 88 | P27: 88 | Q27: 11 | R27: SHIPPED | S27: - | T27: DONE | U27: DONE | V27: DONE | W27: DONE | X27: IBKG0000216226 | AA27: Sent
B28: 5 | C28: LA00 | D28: 20 | E28: PRLS/25/12434 | F28: US | G28: 4702055742 | H28: POLO BLACK | I28: 710966292015 | J28: 912 | P28: 912 | Q28: 152 | R28: SHIPPED | S28: - | T28: DONE | U28: DONE | V28: DONE | W28: DONE | AA28: Sent
B29: 5 | C29: LA00 | D29: 20 | E29: PRLS/25/12434 | F29: US | G29: 4702055743 | H29: POLO BLACK | I29: 710966292015 | J29: 472 | P29: 472 | Q29: 59 | R29: SHIPPED | S29: - | T29: DONE | U29: DONE | V29: DONE | W29: DONE | AA29: Sent
B30: 5 | C30: LA00 | D30: 20 | E30: PRLS/25/12434 | F30: US | G30: 4702055744 | H30: POLO BLACK | I30: 710966292015 | J30: 402 | P30: 402 | Q30: 67 | R30: SHIPPED | S30: - | T30: DONE | U30: DONE | V30: DONE | W30: DONE | AA30: Sent
B31: 5 | C31: LA00 | D31: 20 | E31: PRLS/25/12434 | F31: US | G31: 4702055745 | H31: POLO BLACK | I31: 710966292015 | J31: 144 | P31: 144 | Q31: 24 | R31: SHIPPED | S31: - | T31: DONE | U31: DONE | V31: DONE | W31: DONE | AA31: Sent
B32: 5 | C32: LA00 | D32: 20 | E32: PRLS/25/12434 | F32: US | G32: 4702055746 | H32: POLO BLACK | I32: 710966292015 | J32: 36 | P32: 36 | Q32: 3 | R32: SHIPPED | S32: - | T32: DONE | U32: DONE | V32: DONE | W32: DONE | AA32: Sent
B33: 5 | C33: LA00 | D33: 20 | E33: PRLS/25/12434 | F33: US | G33: 4702055747 | H33: POLO BLACK | I33: 710966292015 | J33: 108 | P33: 108 | Q33: 9 | R33: SHIPPED | S33: - | T33: DONE | U33: DONE | V33: DONE | W33: DONE | AA33: Sent
B34: 5 | C34: LA00 | D34: 20 | E34: PRLS/25/12434 | F34: US | G34: 4702055748 | H34: POLO BLACK | I34: 710966292015 | J34: 132 | P34: 132 | Q34: 11 | R34: SHIPPED | S34: - | T34: DONE | U34: DONE | V34: DONE | W34: DONE | AA34: Sent
B35: 5 | C35: LA00 | D35: 20 | E35: PRLS/25/12434 | F35: US | G35: 4702055749 | H35: POLO BLACK | I35: 710966292015 | J35: 84 | P35: 84 | Q35: 7 | R35: SHIPPED | S35: - | T35: DONE | U35: DONE | V35: DONE | W35: DONE | AA35: Sent
B36: 5 | C36: LA00 | D36: 20 | E36: PRLS/25/12434 | F36: US | G36: 4702055750 | H36: POLO BLACK | I36: 710966292015 | J36: 36 | P36: 36 | Q36: 3 | R36: SHIPPED | S36: - | T36: DONE | U36: DONE | V36: DONE | W36: DONE | AA36: Sent
F37: TOTAL | J37: =SUM(J27:J36) -> 2414 | P37: =SUM(P27:P36) -> 2414 | Q37: =SUM(Q27:Q36) -> 346
B39: Line | C39: PLANT CODE | D39: LINE NO | E39: CON | F39: DESTINATION | G39: PO NO | H39: COLOR | I39: MATERIAL NO | J39: QTY | K39: CUT QTY | L39: Send to Wash / Dye | M39: Balance to Send | N39: Wash / Dye Received | O39: Balance to receive | P39: PACK/SHIP QTY | Q39: CTNS | R39: STATUS | S39: FI to be done by | T39: ASN | U39: WEIGHT | V39: WFX | W39: OCR | X39: BOOKING NO | Y39: DO | Z39: INV NO
B40: 5 | C40: CA10 | D40: 10 | E40: PRLS/25/12334 | F40: US | G40: 4702048642 | H40: WHITE/YELLOW MULTI | I40: 710B23578001 | J40: 100 | P40: 100 | Q40: 2 | R40: SHIPPED | S40: VQA | T40: DONE | U40: DONE | V40: DONE | W40: DONE | X40: IBKG0000217978 | AA40: SENT
B41: 5 | C41: CA10 | D41: 10 | E41: PRLS/25/12337 | F41: US | G41: 4702048645 | H41: WHITE/YELLOW MULTI | I41: 711B23578001 | J41: 100 | P41: 100 | Q41: 4 | R41: SHIPPED | S41: VQA | T41: DONE | U41: DONE | V41: DONE | W41: DONE | AA41: SENT
F42: TOTAL | J42: =SUM(J40:J41) -> 200 | K42: =SUM(K40:K41) -> 0 | L42: =SUM(L40:L41) -> 0 | M42: =SUM(M40:M41) -> 0 | N42: =SUM(N40:N41) -> 0 | O42: =SUM(O40:O41) -> 0 | P42: =SUM(P40:P41) -> 200 | Q42: =SUM(Q40:Q41) -> 6
B44: Line | C44: PLANT CODE | D44: LINE NO | E44: CON | F44: DESTINATION | G44: PO NO | H44: COLOR | I44: MATERIAL NO | J44: QTY | K44: CUT QTY | L44: Send to Wash / Dye | M44: Balance to Send | N44: Wash / Dye Received | O44: Balance to receive | P44: PACK/SHIP QTY | Q44: CTNS | R44: STATUS | S44: FI to be done by | T44: ASN | U44: WEIGHT | V44: WFX | W44: OCR | X44: BOOKING NO | Y44: DO | Z44: INV NO
B45: 5 | C45: TO40 | D45: 10 | E45: PRLS/25/12333 | F45: CANADA | G45: 4702049226 | H45: 6555E KEY WEST WHITE | I45: 710B22363001 | J45: 336 | P45: 339 | Q45: 21 | R45: SHIPPED | S45: VQA | T45: DONE | U45: DONE | V45: DONE | X45: IBKG0000216867 | AA45: SENT
F46: TOTAL | J46: =SUM(J45) -> 336 | K46: =SUM(K45) -> 0 | L46: =SUM(L45) -> 0 | M46: =SUM(M45) -> 0 | N46: =SUM(N45) -> 0 | O46: =SUM(O45) -> 0 | P46: =SUM(P45) -> 339 | Q46: =SUM(Q45) -> 21
B48: Line | C48: PLANT CODE | D48: LINE NO | E48: CON | F48: DESTINATION | G48: PO NO | H48: COLOR | I48: MATERIAL NO | J48: QTY | K48: CUT QTY | L48: Send to Wash / Dye | M48: Balance to Send | N48: Wash / Dye Received | O48: Balance to receive | P48: PACK/SHIP QTY | Q48: CTNS | R48: STATUS | S48: FI to be done by | T48: ASN | U48: WEIGHT | V48: WFX | W48: OCR | X48: BOOKING NO | Y48: DO | Z48: INV NO
B49: 5 | C49: NW00 | D49: 20 | E49: PRLS/25/12434 | F49: US | G49: 4702056488 | H49: POLO BLACK | I49: 710966292015 | J49: 2610 | P49: 2659 | Q49: 154 | R49: SHIPPED | S49: QIMA | T49: DONE | U49: Done | V49: Done | X49: IBKG0000216224 | AA49: SENT
F50: TOTAL | J50: =SUM(J49:J49) -> 2610 | K50: =SUM(#REF!) -> #REF! | L50: =SUM(#REF!) -> #REF! | M50: =SUM(#REF!) -> #REF! | N50: =SUM(#REF!) -> #REF! | O50: =SUM(#REF!) -> #REF! | P50: =SUM(P49:P49) -> 2659 | Q50: =SUM(Q49:Q49) -> 154
B52: 6 | C52: CA20 | D52: 10 | E52: PRLS/25/12206 | F52: ITALY | G52: 4702049206 | H52: 5137G COASTAL BEIGE/WHITE | I52: 710982798002 | J52: 4665 | K52: =P52 -> 4767 | L52: =K52 -> 4767 | M52: 0 | N52: =L52 -> 4767 | O52: 0 | P52: 4767 | Q52: 272 | R52: SHIPPED | S52: VQA | T52: Done | U52: Done | V52: Done | W52: Done | X52: IBKG0000216213 | Y52: SMAAS088566 - | AA52: SENT
B53: 6 | C53: CA20 | D53: 10 | E53: PRLS/25/12329 | F53: ITALY | G53: 4702049730 | H53: 5137G COASTAL BEIGE/WHITE | I53: 710982798002CTR | J53: 396 | K53: =P53 -> 396 | L53: =K53 -> 396 | M53: 0 | N53: =L53 -> 396 | O53: 0 | P53: 396 | Q53: 18 | R53: SHIPPED | S53: VQA | T53: Done | U53: Done | V53: Done | W53: Done | AA53: SENT
B54: 6 | C54: CA20 | D54: 10 | E54: PRLS/25/12329 | F54: ITALY | G54: 4702049729 | H54: 5137G COASTAL BEIGE/WHITE | I54: 710982798002CTR | J54: 924 | P54: 924 | Q54: 42 | R54: SHIPPED | S54: VQA | T54: Done | U54: Done | V54: Done | W54: Done | AA54: SENT
B55: 6 | C55: CA20 | D55: 20 | E55: PRLS/25/12222 | F55: ITALY | G55: 4702049206 | H55: WHITE/NEW CLASSIC NAVY | I55: 710982798500 | J55: 909 | P55: 893 | Q55: 53 | R55: SHIPPED | S55: VQA | T55: Done | U55: Done | V55: Done | W55: Done | AA55: SENT
B56: 6 | C56: CA20 | D56: 20 | E56: PRLS/25/12330 | F56: ITALY | G56: 4702049730 | H56: WHITE/NEW CLASSIC NAVY | I56: 710982798500 | J56: 198 | P56: 198 | Q56: 9 | R56: SHIPPED | S56: VQA | T56: Done | U56: Done | V56: Done | W56: Done | AA56: SENT
B57: 6 | C57: CA20 | D57: 20 | E57: PRLS/25/12330 | F57: ITALY | G57: 4702049729 | H57: WHITE/NEW CLASSIC NAVY | I57: 710982798500 | J57: 528 | P57: 528 | Q57: 24 | R57: SHIPPED | S57: VQA | T57: Done | U57: Done | V57: Done | W57: Done | AA57: SENT
B58: 6 | C58: CA20 | D58: 10 | E58: PRLS/25/12331 | F58: ITALY | G58: 4702049732 | H58: 5137B PINK/WHITE | I58: 710982800500CTR | J58: 308 | P58: 308 | Q58: 14 | R58: SHIPPED | S58: VQA | T58: Done | U58: Done | V58: Done | W58: Done | AA58: SENT
B59: 6 | C59: CA20 | D59: 10 | E59: PRLS/25/12331 | F59: ITALY | G59: 4702049731 | H59: 5137B PINK/WHITE | I59: 710982800500 | J59: 638 | P59: 638 | Q59: 29 | R59: SHIPPED | S59: VQA | T59: Done | U59: Done | V59: Done | W59: Done | AA59: SENT
B60: 6 | C60: CA20 | D60: 10 | E60: PRLS/25/12324 / PRLS/25/11032 | F60: ITALY | G60: 4702081056 | H60: 5137B PINK/WHITE | I60: 710982800500 | J60: 2800 | P60: 2509 | Q60: 145 | R60: SHIPPED | S60: VQA | T60: Done | U60: Done | V60: Done | W60: Done | AA60: SENT
B61: 6 - 10 | C61: CA20 | D61: 10 | E61: PRLS/25/12202 | F61: ITALY | G61: 4702049205 | H61: 6555A ROYAL WHITE | I61: 710968971001 | J61: 698 | P61: 714 | Q61: 42 | R61: SHIPPED | S61: VQA | T61: Done | U61: Done | V61: Done | W61: Done | AA61: SENT
B62: 5 | C62: CA20 | D62: 10 | E62: PRLS/25/12208 | F62: ITALY | G62: 4702053660 | H62: CARMEL PINK | I62: 710966294009 | J62: 5134 | P62: 5272 | Q62: 303 | R62: SHIPPED | S62: VQA | T62: Done | U62: Done | V62: DONE | W62: DONE | AA62: SENT
F63: TOTAL | J63: =SUM(J52:J62) -> 17198 | K63: =SUM(#REF!) -> #REF! | L63: =SUM(#REF!) -> #REF! | M63: =SUM(#REF!) -> #REF! | N63: =SUM(#REF!) -> #REF! | O63: =SUM(#REF!) -> #REF! | P63: =SUM(P52:P62) -> 17147 | Q63: =SUM(Q52:Q62) -> 951
B65: Line | C65: PLANT CODE | D65: LINE NO | E65: CON | F65: DESTINATION | G65: PO NO | H65: COLOR | I65: MATERIAL NO | J65: QTY | K65: CUT QTY | L65: Send to Wash / Dye | M65: Balance to Send | N65: Wash / Dye Received | O65: Balance to receive | P65: PACK/SHIP QTY | Q65: CTNS | R65: STATUS | S65: FI to be done by | T65: ASN | U65: WEIGHT | V65: WFX | W65: OCR | X65: BOOKING NO | Y65: DO | Z65: INV NO
B66: 6 | C66: CA20 | D66: 10 | E66: PRLS/25/12648 | F66: ITALY | G66: 4702054302 | H66: CARMEL PINK | I66: 710966294009 | J66: 396 | P66: 396 | Q66: 18 | R66: SHIPPED | S66: VQA | T66: DONE | U66: Done | V66: Done | W66: Done | X66: IBKG0000216219 | AA66: SENT
B67: 6 | C67: CA20 | D67: 10 | E67: PRLS/25/12648 | F67: ITALY | G67: 4702054301 | H67: CARMEL PINK | I67: 710966294009 | J67: 836 | P67: 836 | Q67: 38 | R67: SHIPPED | S67: VQA | T67: DONE | U67: Done | V67: Done | W67: Done | AA67: SENT
B68: 6 | C68: CA20 | D68: 20 | E68: PRLS/25/12209 | F68: ITALY | G68: 4702053660 | H68: POLO BLACK | I68: 710966294019 | J68: 3384 | P68: 3431 | Q68: 197 | R68: SHIPPED | S68: FQA 02/01 | T68: DONE | U68: Done | V68: Done | W68: Done | AA68: SENT
B69: 5 | C69: CA20 | D69: 20 | E69: PRLS/25/12203 | F69: ITALY | G69: 4702049205 | H69: 6555B CABANA BLUE WHITE | I69: 710968971002 | J69: 1098 | P69: 1124 | Q69: 65 | R69: SHIPPED | S69: VQA | T69: DONE | U69: Done | V69: Done | W69: Done | AA69: SENT
B70: 5 - 10 | C70: CA20 | D70: 10 | E70: PRLS/25/12204 | F70: ITALY | G70: 4702049204 | H70: 6555D PINK WHITE | I70: 710968971003 | J70: 486 | P70: 494 | Q70: 29 | R70: SHIPPED | S70: VQA | T70: DONE | U70: Done | V70: Done | W70: Done | AA70: SENT
B71: 5 | C71: CA20 | D71: 30 | E71: PRLS/25/12205 | F71: ITALY | G71: 4702049205 | H71: 6555E KEYWEST WHITE | I71: 710968971500 | J71: 424 | P71: 430 | Q71: 25 | R71: SHIPPED | S71: VQA | T71: DONE | U71: Done | V71: Done | W71: Done | AA71: SENT
B72: 6 | C72: CA20 | D72: 10 | E72: PRLS/25/12325 | F72: ITALY | G72: 4702049208 | H72: CAMBRIDGE YELLOW/WHITE | I72: 710982800501 | J72: 974 | P72: 988 | Q72: 58 | R72: SHIPPED | S72: VQA | T72: DONE | U72: Done | V72: Done | W72: Done | AA72: SENT
F73: TOTAL | J73: =SUM(J66:J72) -> 7598 | K73: =SUM(#REF!) -> #REF! | L73: =SUM(#REF!) -> #REF! | M73: =SUM(#REF!) -> #REF! | N73: =SUM(#REF!) -> #REF! | O73: =SUM(#REF!) -> #REF! | P73: =SUM(P66:P72) -> 7699 | Q73: =SUM(Q66:Q72) -> 430
B75: Line | C75: PLANT CODE | D75: LINE NO | E75: CON | F75: DESTINATION | G75: PO NO | H75: COLOR | I75: MATERIAL NO | J75: QTY | K75: CUT QTY | L75: Send to Wash / Dye | M75: Balance to Send | N75: Wash / Dye Received | O75: Balance to receive | P75: PACK/SHIP QTY | Q75: CTNS | R75: STATUS | S75: FI to be done by | T75: ASN | U75: WEIGHT | V75: WFX | W75: OCR | X75: BOOKING NO | Y75: DO | Z75: INV NO
B76: 6 | C76: HD00 | D76: 10 | E76: PRLS/25/12435 | F76: US | G76: 4702056500 | H76: POLO BLACK | I76: 711966293502 | J76: 350 | P76: 351 | Q76: 22 | R76: SHIPPED | S76: VQA | T76: DONE | U76: Done | V76: Done | W76: Done | X76: IBKG0000216223 | AA76: SENT
F77: TOTAL | J77: =SUM(J76:J76) -> 350 | K77: =SUM(#REF!) -> #REF! | L77: =SUM(#REF!) -> #REF! | M77: =SUM(#REF!) -> #REF! | N77: =SUM(#REF!) -> #REF! | O77: =SUM(#REF!) -> #REF! | P77: =SUM(P76:P76) -> 351 | Q77: =SUM(Q76:Q76) -> 22
B79: Line | C79: PLANT CODE | D79: LINE NO | E79: CON | F79: DESTINATION | G79: PO NO | H79: COLOR | I79: MATERIAL NO | J79: QTY | K79: CUT QTY | L79: Send to Wash / Dye | M79: Balance to Send | N79: Wash / Dye Received | O79: Balance to receive | P79: PACK/SHIP QTY | Q79: CTNS | R79: STATUS | S79: FI to be done by | T79: ASN | U79: WEIGHT | V79: WFX | W79: OCR | X79: BOOKING NO | Y79: DO | Z79: INV NO
B80: 6 | C80: HD00 | D80: 10 | E80: PRLS/25/12143 | F80: US | G80: 4702048659 | H80: FL-76 BLUE NAVY | I80: 712B16812001 | J80: 350 | P80: 352 | Q80: 21 | R80: SHIPPED | S80: VQA | T80: DONE | U80: Done | V80: Done | W80: Done | X80: IBKG0000216222 | AA80: SENT
F81: TOTAL | J81: =SUBTOTAL(9,J80) -> 350 | K81: =SUBTOTAL(9,K80) -> 0 | L81: =SUBTOTAL(9,L80) -> 0 | M81: =SUBTOTAL(9,M80) -> 0 | N81: =SUBTOTAL(9,N80) -> 0 | O81: =SUBTOTAL(9,O80) -> 0 | P81: =SUBTOTAL(9,P80) -> 352 | Q81: =SUBTOTAL(9,Q80) -> 21

Sheet CDD - 04-01-2026-SHIPPED
H2: =NOW()-TRUNC(NOW()) -> 0.61871759 | I2: G Total | J2: =SUBTOTAL(9,J5:J8,J12,J16,J20:J22,J26:J29,J33:J43,J47:J49,J53:J59,J64:J65,J70) -> 33930 | K2: =SUBTOTAL(9,K5:K16,#REF!,K20:K29,K33:K65) -> #REF! | L2: =SUBTOTAL(9,L5:L16,#REF!,L20:L29,L33:L65) -> #REF! | M2: =SUBTOTAL(9,M5:M16,#REF!,M20:M29,M33:M65) -> #REF! | N2: =SUBTOTAL(9,N5:N16,#REF!,N20:N29,N33:N65) -> #REF! | O2: =SUBTOTAL(9,O5:O16,#REF!,O20:O29,O33:O65) -> #REF! | P2: =SUBTOTAL(9,P5:P8,P12,P16,P20:P22,P26:P29,P33:P43,P47:P49,P53:P59,P64:P65,P70) -> 34546 | Q2: =SUBTOTAL(9,Q5:Q8,Q12,Q16,Q20:Q22,Q26:Q29,Q33:Q43,Q47:Q49,Q53:Q59,Q64:Q65,Q70:Q71) -> 1857 | R2: =P2/J2*100 -> 101.8155
E3: SEA - FOB - CHENNAI | F3: TRUCKOUT ON - 25.12.2025 | H3: CDD - 04.01.2026
B4: Line | C4: PLANT CODE | D4: LINE NO | E4: CON | F4: DESTINATION | G4: PO NO | H4: COLOR | I4: MATERIAL NO | J4: QTY | K4: CUT QTY | L4: Send to Wash / Dye | M4: Balance to Send | N4: Wash / Dye Received | O4: Balance to receive | P4: PACK/SHIP QTY | Q4: CTNS | R4: STATUS | S4: FI to be done by | T4: ASN | U4: WEIGHT | V4: WFX | W4: OCR | X4: BOOKING NO | Y4: DO | Z4: INV NO
B5: 6 | C5: TO40 | D5: 10 | E5: PRLS/25/12130 | F5: CANADA | G5: 4702043032 | H5: 7188D LAVENDER WHITE | I5: 710978098501 | J5: 36 | K5: =P5 -> 36 | L5: =K5 -> 36 | M5: 0 | N5: =L5 -> 36 | O5: 0 | P5: 36 | Q5: 4 | R5: Shipped | S5: QIMA | T5: SENT | U5: DONE | V5: DONE | W5: DONE | X5: IBKG0000213014
B6: 6 | C6: TO40 | D6: 20 | E6: PRLS/25/12132 | F6: CANADA | G6: 4702043032 | H6: 7188A WHITE BLUE | I6: 710978098503 | J6: 48 | K6: =P6 -> 48 | L6: =K6 -> 48 | M6: 0 | N6: =L6 -> 48 | O6: 0 | P6: 48 | Q6: 3 | R6: Shipped | S6: VQA | T6: SENT | U6: DONE | V6: DONE | W6: DONE
B7: 6 | C7: TO40 | D7: 30 | E7: PRLS/25/12133 | F7: CANADA | G7: 4702043032 | H7: 7188B BLUE WHITE | I7: 710978098505 | J7: 42 | K7: =P7 -> 42 | L7: =K7 -> 42 | M7: 0 | N7: =L7 -> 42 | O7: 0 | P7: 42 | Q7: 3 | R7: Shipped | S7: VQA | T7: SENT | U7: DONE | V7: DONE | W7: DONE
B8: 5 | C8: TO40 | D8: 40 | E8: PRLS/25/12134 | F8: CANADA | G8: 4702043032 | H8: 7188G NEW CLASSIC NAVY WHITE | I8: 710978098508 | J8: 42 | K8: =P8 -> 42 | L8: =K8 -> 42 | M8: 0 | N8: =L8 -> 42 | O8: 0 | P8: 42 | Q8: 3 | R8: Shipped | S8: VQA | T8: SENT | U8: DONE | V8: DONE | W8: DONE
F9: TOTAL | J9: =SUM(J5:J8) -> 168 | K9: =SUM(K8:K8) -> 42 | L9: =SUM(L8:L8) -> 42 | M9: =SUM(M8:M8) -> 0 | N9: =SUM(N8:N8) -> 42 | O9: =SUM(O8:O8) -> 0 | P9: =SUM(P5:P8) -> 168 | Q9: =SUM(Q5:Q8) -> 13 | R9: Shipped
B11: Line | C11: PLANT CODE | D11: LINE NO | E11: CON | F11: DESTINATION | G11: PO NO | H11: COLOR | I11: MATERIAL NO | J11: QTY | K11: CUT QTY | L11: Send to Wash / Dye | M11: Balance to Send | N11: Wash / Dye Received | O11: Balance to receive | P11: PACK/SHIP QTY | Q11: CTNS | R11: STATUS | S11: FI to be done by | T11: ASN | U11: WEIGHT | V11: WFX | W11: OCR | X11: BOOKING NO | Y11: DO | Z11: INV NO
B12: 6 | C12: TO40 | D12: 10 | E12: PRLS/25/12211 | F12: CANADA | G12: 4702053662 | H12: CARMEL PINK | I12: 710967632006 | J12: 264 | K12: =P12 -> 264 | L12: =K12 -> 264 | M12: 0 | N12: =L12 -> 264 | O12: 0 | P12: 264 | Q12: 15 | R12: Shipped | S12: VQA | T12: SENT | U12: DONE | V12: DONE | W12: DONE | X12: IBKG0000213024
F13: TOTAL | J13: =SUM(J12) -> 264 | K13: =SUM(K12:K12) -> 264 | L13: =SUM(L12:L12) -> 264 | M13: =SUM(M12:M12) -> 0 | N13: =SUM(N12:N12) -> 264 | O13: =SUM(O12:O12) -> 0 | P13: =SUM(P12) -> 264 | Q13: =SUM(Q12) -> 15 | R13: Shipped
B15: Line | C15: PLANT CODE | D15: LINE NO | E15: CON | F15: DESTINATION | G15: PO NO | H15: COLOR | I15: MATERIAL NO | J15: QTY | K15: CUT QTY | L15: Send to Wash / Dye | M15: Balance to Send | N15: Wash / Dye Received | O15: Balance to receive | P15: PACK/SHIP QTY | Q15: CTNS | R15: STATUS | S15: FI to be done by | T15: ASN | U15: WEIGHT | V15: WFX | W15: OCR | X15: BOOKING NO | Y15: DO | Z15: INV NO
B16: 5 | C16: TO40 | D16: 10 | E16: PRLS/25/12334 | F16: CANADA | G16: 4702048643 | H16: 5463 WHITE/YELLOW MULTI | I16: 710B23578001 | J16: 224 | K16: 224 | L16: =K16-M16 -> 224 | N16: =L16-O16 -> 224 | P16: 224 | Q16: 4 | R16: Shipped | S16: VQA | T16: SENT | U16: DONE | V16: DONE | X16: IBKG0000213020
F17: TOTAL | J17: =SUM(J16) -> 224 | K17: =SUM(K16:K16) -> 224 | L17: =SUM(L16:L16) -> 224 | M17: =SUM(M16:M16) -> 0 | N17: =SUM(N16:N16) -> 224 | O17: =SUM(O16:O16) -> 0 | P17: =SUM(P16) -> 224 | Q17: =SUM(Q16) -> 4 | R17: Shipped
B19: Line | C19: PLANT CODE | D19: LINE NO | E19: CON | F19: DESTINATION | G19: PO NO | H19: COLOR | I19: MATERIAL NO | J19: QTY | K19: CUT QTY | L19: Send to Wash / Dye | M19: Balance to Send | N19: Wash / Dye Received | O19: Balance to receive | P19: PACK/SHIP QTY | Q19: CTNS | R19: STATUS | S19: FI to be done by | T19: ASN | U19: WEIGHT | V19: WFX | W19: OCR | X19: BOOKING NO | Y19: DO | Z19: INV NO
B20: 6 | C20: CA10 | D20: 10 | E20: PRLS/25/12139 | F20: ITALY | G20: 4702043041 | H20: 7188A WHITE BLUE | I20: 710B15594004 | J20: 2100 | K20: =P20 -> 2161 | L20: =K20 -> 2161 | M20: 0 | N20: =L20 -> 2161 | O20: 0 | P20: 2161 | Q20: 125 | R20: Shipped | S20: VQA | T20: SENT | U20: DONE | V20: DONE | W20: DONE | X20: IBKG0000212611
B21: 5 | C21: CA10 | D21: 20 | E21: PRLS/25/12140 | F21: ITALY | G21: 4702043041 | H21: 7188B BLUE WHITE | I21: 710B15594005 | J21: 1985 | K21: =P21 -> 2030 | L21: =K21 -> 2030 | M21: 0 | N21: =L21 -> 2030 | O21: 0 | P21: 2030 | Q21: 117 | R21: Shipped | S21: VQA | T21: SENT | U21: DONE | V21: DONE | W21: DONE
B22: 6 | C22: CA10 | D22: 10 | E22: PRLS/25/12142 | F22: ITALY | G22: 4702043047 | H22: 7116B GREEN BLUE WHITE | I22: 710B16705001 | J22: 621 | K22: =P22 -> 622 | L22: =K22 -> 622 | M22: 0 | N22: =L22 -> 622 | O22: 0 | P22: 622 | Q22: 37 | R22: Shipped | S22: VQA | T22: SENT | U22: DONE | V22: DONE | W22: DONE
F23: TOTAL | J23: =SUM(J20:J22) -> 4706 | K23: =SUM(K22:K22) -> 622 | L23: =SUM(L22:L22) -> 622 | M23: =SUM(M22:M22) -> 0 | N23: =SUM(N22:N22) -> 622 | O23: =SUM(O22:O22) -> 0 | P23: =SUM(P20:P22) -> 4813 | Q23: =SUM(Q20:Q22) -> 279 | R23: Shipped
B25: Line | C25: PLANT CODE | D25: LINE NO | E25: CON | F25: DESTINATION | G25: PO NO | H25: COLOR | I25: MATERIAL NO | J25: QTY | K25: CUT QTY | L25: Send to Wash / Dye | M25: Balance to Send | N25: Wash / Dye Received | O25: Balance to receive | P25: PACK/SHIP QTY | Q25: CTNS | R25: STATUS | S25: FI to be done by | T25: ASN | U25: WEIGHT | V25: WFX | W25: OCR | X25: BOOKING NO | Y25: DO | Z25: INV NO
B26: 6 | C26: CA10 | D26: 10 | E26: PRLS/25/11975, PRLS/25/12090 | F26: ITALY | G26: 4702043040 | H26: 5137H GARDEN TRAIL WHITE | I26: 710B15594001 | J26: 4554 | K26: =P26 -> 4685 | L26: =K26 -> 4685 | M26: 0 | N26: =L26 -> 4685 | O26: 0 | P26: 4685 | Q26: 270 | R26: Shipped | S26: VQA | T26: DONE | U26: DONE | V26: DONE | W26: DONE | X26: IBKG0000212582 | AA26: KA05AK8319
B27: 5 | C27: CA10 | D27: 20 | E27: PRLS/25/11976, PRLS/25/12091 | F27: ITALY | G27: 4702043040 | H27: 7188A WHITE BLUE | I27: 710B15594004 | J27: 4100 | K27: =P27 -> 4202 | L27: =K27 -> 4202 | M27: 0 | N27: =L27 -> 4202 | O27: 0 | P27: 4202 | Q27: 244 | R27: Shipped | S27: VQA | T27: DONE | U27: DONE | V27: DONE | W27: DONE
B28: 5 | C28: CA10 | D28: 40 | E28: PRLS/25/11979, PRLS/25/12093 | F28: ITALY | G28: 4702043040 | H28: 7188E COASTAL BEIGE WHITE | I28: 710B15594006 | J28: 4500 | K28: =P28 -> 4613 | L28: =K28 -> 4613 | M28: 0 | N28: =L28 -> 4613 | O28: 0 | P28: 4613 | Q28: 266 | R28: Shipped | S28: VQA | T28: DONE | U28: DONE | V28: DONE | W28: DONE
B29: 5 | C29: CA10 | D29: 30 | E29: PRLS/25/12141 | F29: ITALY | G29: 4702043041 | H29: 7188E COASTAL BEIGE WHITE | I29: 710B15594006 | J29: 545 | K29: =P29 -> 560 | L29: =K29 -> 560 | M29: 0 | N29: =L29 -> 560 | O29: 0 | P29: 560 | Q29: 33 | R29: Shipped | S29: VQA | T29: DONE | U29: DONE | V29: DONE | W29: DONE
F30: TOTAL | J30: =SUM(J26:J29) -> 13699 | K30: =SUM(K29:K29) -> 560 | L30: =SUM(L29:L29) -> 560 | M30: =SUM(M29:M29) -> 0 | N30: =SUM(N29:N29) -> 560 | O30: =SUM(O29:O29) -> 0 | P30: =SUM(P26:P29) -> 14060 | Q30: =SUM(Q26:Q29) -> 813 | R30: Shipped
B32: Line | C32: PLANT CODE | D32: LINE NO | E32: CON | F32: DESTINATION | G32: PO NO | H32: COLOR | I32: MATERIAL NO | J32: QTY | K32: CUT QTY | L32: Send to Wash / Dye | M32: Balance to Send | N32: Wash / Dye Received | O32: Balance to receive | P32: PACK/SHIP QTY | Q32: CTNS | R32: STATUS | S32: FI to be done by | T32: ASN | U32: WEIGHT | V32: WFX | W32: OCR | X32: BOOKING NO | Y32: DO | Z32: INV NO
B33: 5 | C33: V992 | D33: 10 | E33: PRLS/25/11746 | F33: HK | G33: 4702048420 | H33: AUSTIN BLUE | I33: 710966292032 | J33: 1720 | K33: =P33 -> 1717 | L33: =K33 -> 1717 | M33: 0 | N33: =L33 -> 1717 | O33: 0 | P33: 1717 | Q33: 97 | R33: Shipped | S33: QIMA | T33: SENT | U33: DONE | V33: DONE | W33: DONE | X33: IBKG0000212594
B34: 5 | C34: V992 | D34: 10 | E34: PRLS/25/11746 | F34: HK | G34: 4702048419 | H34: AUSTIN BLUE | I34: 710966292032 | J34: 935 | K34: =P34 -> 935 | L34: =K34 -> 935 | M34: 0 | N34: =L34 -> 935 | O34: 0 | P34: 935 | Q34: 54 | R34: Shipped | S34: VQA | T34: SENT | U34: DONE | V34: DONE | W34: DONE
B35: 5 | C35: V992 | D35: 10 | E35: PRLS/25/11747 | F35: HK | G35: 4702048424 | H35: AUSTIN BLUE | I35: 710966293026 | J35: 320 | K35: =P35 -> 326 | L35: =K35 -> 326 | M35: 0 | N35: =L35 -> 326 | O35: 0 | P35: 326 | Q35: 17 | R35: Shipped | S35: VQA | T35: SENT | U35: DONE | V35: DONE | W35: DONE
B36: 5 | C36: V992 | D36: 10 | E36: PRLS/25/11747 | F36: HK | G36: 4702048425 | H36: AUSTIN BLUE | I36: 710966293026 | J36: 1123 | K36: =P36 -> 1123 | L36: =K36 -> 1123 | M36: 0 | N36: =L36 -> 1123 | O36: 0 | P36: 1123 | Q36: 58 | R36: Shipped | S36: VQA | T36: SENT | U36: DONE | V36: DONE | W36: DONE
B37: - | C37: V992 | D37: 10 | E37: PRLS/25/11970 | F37: HK | G37: 4702043054 | H37: 7188B BLUE WHITE | I37: 711978098001 | J37: 55 | K37: 55 | L37: 55 | M37: 0 | N37: 55 | O37: 0 | P37: 55 | Q37: 4 | R37: Shipped | S37: VQA | T37: SENT | U37: DONE | V37: DONE | W37: DONE
B38: - | C38: V992 | D38: 20 | E38: PRLS/25/11971 | F38: HK | G38: 4702043054 | H38: 7188A WHITE BLUE | I38: 711978098002 | J38: 14 | K38: 14 | L38: 14 | M38: 0 | N38: 14 | O38: 0 | P38: 14 | Q38: 1 | R38: Shipped | S38: VQA | T38: SENT | U38: DONE | V38: DONE | W38: DONE
B39: - | C39: V992 | D39: 30 | E39: PRLS/25/11972 | F39: HK | G39: 4702043054 | H39: 7188E COASTAL BEIGE WHITE | I39: 711978098003 | J39: 9 | K39: 9 | L39: 9 | M39: 0 | N39: 9 | O39: 0 | P39: 9 | Q39: 1 | R39: Shipped | S39: VQA | T39: SENT | U39: DONE | V39: DONE | W39: DONE
B40: 6 | C40: V992 | D40: 10 | E40: PRLS/25/11974 | F40: HK | G40: 4702043036 | H40: 7169 BLUE GREEN MULTI | I40: 710B14232001 | J40: 24 | K40: 24 | L40: 24 | M40: 0 | N40: 24 | O40: 0 | P40: 24 | Q40: 1 | R40: Shipped | S40: VQA | T40: SENT | U40: DONE | V40: DONE | W40: DONE
B41: 6 | C41: V992 | D41: 10 | E41: PRLS/25/11974 | F41: HK | G41: 4702043037 | H41: 7169 BLUE GREEN MULTI | I41: 710B14232001 | J41: 35 | K41: 35 | L41: 35 | M41: 0 | N41: 35 | O41: 0 | P41: 35 | Q41: 2 | R41: Shipped | S41: VQA | T41: SENT | U41: DONE | V41: DONE | W41: DONE
B42: 6 | C42: V992 | D42: 10 | E42: PRLS/25/11975 | F42: HK | G42: 4702043042 | H42: 5137H GARDEN TRAIL WHITE | I42: 710B15594001 | J42: 186 | K42: =P42 -> 186 | L42: =K42 -> 186 | M42: 0 | N42: =L42 -> 186 | O42: 0 | P42: 186 | Q42: 11 | R42: Shipped | S42: VQA | T42: SENT | U42: DONE | V42: DONE | W42: DONE
B43: 6 | C43: V992 | D43: 10 | E43: PRLS/25/12094 | F43: HK | G43: 4702043048 | H43: 7116A BLUE GREEN MULTI | I43: 710B16705002 | J43: 449 | K43: =P43 -> 454 | L43: =K43 -> 454 | M43: 0 | N43: =L43 -> 454 | O43: 0 | P43: 454 | Q43: 29 | R43: Shipped | S43: VQA | T43: SENT | U43: DONE | V43: DONE | W43: DONE
F44: TOTAL | J44: =SUM(J33:J43) -> 4870 | K44: =SUM(K43:K43) -> 454 | L44: =SUM(L43:L43) -> 454 | M44: =SUM(M43:M43) -> 0 | N44: =SUM(N43:N43) -> 454 | O44: =SUM(O43:O43) -> 0 | P44: =SUM(P33:P43) -> 4878 | Q44: =SUM(Q33:Q43) -> 275 | R44: Shipped
B46: Line | C46: PLANT CODE | D46: LINE NO | E46: CON | F46: DESTINATION | G46: PO NO | H46: COLOR | I46: MATERIAL NO | J46: QTY | K46: CUT QTY | L46: Send to Wash / Dye | M46: Balance to Send | N46: Wash / Dye Received | O46: Balance to receive | P46: PACK/SHIP QTY | Q46: CTNS | R46: STATUS | S46: FI to be done by | T46: ASN | U46: WEIGHT | V46: WFX | W46: OCR | X46: BOOKING NO | Y46: DO | Z46: INV NO
B47: 6 | C47: NW00 | D47: 10 | E47: PRLS/25/12130 | F47: USA | G47: 4702043029 | H47: 7188D LAVENDER WHITE | I47: 710978098501 | J47: 390 | K47: =P47 -> 399 | L47: =K47 -> 399 | M47: 0 | N47: =L47 -> 399 | O47: 0 | P47: 399 | Q47: 24 | R47: SHIPPED | S47: QIMA | T47: Sent | U47: DONE | V47: DONE | W47: DONE | X47: IBKG0000212613
B48: 5 | C48: NW00 | D48: 20 | E48: PRLS/25/12131 | F48: USA | G48: 4702043029 | H48: 7188E COASTAL BEIGE WHITE | I48: 710978098502 | J48: 538 | K48: =P48 -> 546 | L48: =K48 -> 546 | M48: 0 | N48: =L48 -> 546 | O48: 0 | P48: 546 | Q48: 33 | R48: SHIPPED | S48: VQA | T48: Sent | U48: DONE | V48: DONE | W48: DONE
B49: 6 | C49: NW00 | D49: 30 | E49: PRLS/25/12132 | F49: USA | G49: 4702043029 | H49: 7188A WHITE BLUE | I49: 710978098503 | J49: 2549 | K49: =P49 -> 2621 | L49: =K49 -> 2621 | M49: 0 | N49: =L49 -> 2621 | O49: 0 | P49: 2621 | Q49: 153 | R49: SHIPPED | S49: QIMA | T49: Sent | U49: DONE | V49: DONE | W49: DONE
F50: TOTAL | J50: =SUM(J47:J49) -> 3477 | K50: =SUM(K49:K49) -> 2621 | L50: =SUM(L49:L49) -> 2621 | M50: =SUM(M49:M49) -> 0 | N50: =SUM(N49:N49) -> 2621 | O50: =SUM(O49:O49) -> 0 | P50: =SUM(P47:P49) -> 3566 | Q50: =SUM(Q47:Q49) -> 210 | R50: Shipped
B52: Line | C52: PLANT CODE | D52: LINE NO | E52: CON | F52: DESTINATION | G52: PO NO | H52: COLOR | I52: MATERIAL NO | J52: QTY | K52: CUT QTY | L52: Send to Wash / Dye | M52: Balance to Send | N52: Wash / Dye Received | O52: Balance to receive | P52: PACK/SHIP QTY | Q52: CTNS | R52: STATUS | S52: FI to be done by | T52: ASN | U52: WEIGHT | V52: WFX | W52: OCR | X52: BOOKING NO | Y52: DO | Z52: INV NO
B53: 6 | C53: PF00 | D53: 10 | E53: PRLS/25/12130 | F53: USA | G53: 4702043030 | H53: 7188D LAVENDER WHITE | I53: 710978098501 | J53: 564 | K53: =P53 -> 576 | L53: =K53 -> 576 | M53: 0 | N53: =L53 -> 576 | O53: 0 | P53: 576 | Q53: 34 | R53: SHIPPED | S53: QIMA | T53: Sent | U53: DONE | V53: DONE | W53: DONE | X53: IBKG0000212614
B54: 6 | C54: PF00 | D54: 20 | E54: PRLS/25/12132 | F54: USA | G54: 4702043030 | H54: 7188A WHITE BLUE | I54: 710978098503 | J54: 752 | K54: =P54 -> 772 | L54: =K54 -> 772 | M54: 0 | N54: =L54 -> 772 | O54: 0 | P54: 772 | Q54: 45 | R54: SHIPPED | S54: VQA | T54: Sent | U54: DONE | V54: DONE | W54: DONE
B55: 6 | C55: PF00 | D55: 30 | E55: PRLS/25/12133 | F55: USA | G55: 4702043030 | H55: 7188B BLUE WHITE | I55: 710978098505 | J55: 658 | K55: =P55 -> 673 | L55: =K55 -> 673 | M55: 0 | N55: =L55 -> 673 | O55: 0 | P55: 673 | Q55: 40 | R55: SHIPPED | S55: VQA | T55: Sent | U55: DONE | V55: DONE | W55: DONE
B56: 5 | C56: PF00 | D56: 40 | E56: PRLS/25/12134 | F56: USA | G56: 4702043030 | H56: 7188G NEW CLASSIC NAVY WHITE | I56: 710978098508 | J56: 658 | K56: =P56 -> 673 | L56: =K56 -> 673 | M56: 0 | N56: =L56 -> 673 | O56: 0 | P56: 673 | Q56: 39 | R56: SHIPPED | S56: VQA | T56: Sent | U56: DONE | V56: DONE | W56: DONE
B57: 5 | C57: PF00 | D57: 10 | E57: PRLS/25/12326 | F57: USA | G57: 4702053675 | H57: CARMEL PINK | I57: 711967632004 | J57: 300 | K57: =P57 -> 297 | L57: =K57 -> 297 | M57: 0 | N57: =L57 -> 297 | O57: 0 | P57: 297 | Q57: 20 | R57: SHIPPED | S57: VQA | T57: Sent | U57: DONE | V57: DONE | W57: DONE
B58: 5 | C58: PF00 | D58: 10 | E58: PRLS/25/12334 | F58: USA | G58: 4702048641 | H58: 5463 WHITE/YELLOW MULTI | I58: 710B23578001 | J58: 2476 | K58: =2959-100-K43 -> 2405 | L58: =K58-M58 -> 2397 | M58: 8 | N58: =L58-O58 -> 1848 | O58: 549 | P58: 2486 | Q58: 36 | R58: SHIPPED | S58: VQA | T58: Sent | U58: DONE | V58: DONE | W58: DONE
B59: 5 | C59: PF00 | D59: 10 | E59: PRLS/25/12337 | F59: USA | G59: 4702048644 | H59: 5463 WHITE/YELLOW MULTI | I59: 711B23578001 | J59: 400 | K59: =539-100 -> 439 | L59: =K59-M59 -> 432 | M59: 7 | N59: =L59-O59 -> 0 | O59: 432 | P59: 400 | Q59: 9 | R59: SHIPPED | S59: VQA | T59: Sent | U59: DONE | V59: DONE | W59: DONE
F60: TOTAL | J60: =SUM(J53:J59) -> 5808 | K60: =SUM(K59:K59) -> 439 | L60: =SUM(L59:L59) -> 432 | M60: =SUM(M59:M59) -> 7 | N60: =SUM(N59:N59) -> 0 | O60: =SUM(O59:O59) -> 432 | P60: =SUM(P53:P59) -> 5877 | Q60: =SUM(Q53:Q59) -> 223 | R60: Shipped
E62: Mumbai | F62: TRUCKOUT ON - 25.12.2025 | H62: CDD - 04.01.2026
B63: Line | C63: PLANT CODE | D63: LINE NO | E63: CON | F63: DESTINATION | G63: PO NO | H63: COLOR | I63: MATERIAL NO | J63: QTY | K63: CUT QTY | L63: Send to Wash / Dye | M63: Balance to Send | N63: Wash / Dye Received | O63: Balance to receive | P63: PACK/SHIP QTY | Q63: CTNS | R63: STATUS | S63: FI to be done by | T63: ASN | U63: WEIGHT | V63: WFX | W63: OCR | X63: BOOKING NO | Y63: DO | Z63: INV NO
B64: 4 | C64: V992 | D64: 10 | E64: PRLS/25/11823 | F64: HK | G64: 4702032003 | H64: 7187 PURPLE BLUE MULTI | I64: 710B14295001 | J64: 185 | K64: =P64 -> 185 | L64: =K64 -> 185 | M64: 0 | N64: =L64 -> 185 | O64: 0 | P64: 185 | Q64: 5 | R64: SHIPPED | S64: VQA | T64: SENT | U64: DONE | V64: DONE | W64: DONE | X64: IBKG0000212610
B65: 4 | C65: V992 | D65: 10 | E65: PRLS/25/11823 | F65: HK | G65: 4702032002 | H65: 7187 PURPLE BLUE MULTI | I65: 710B14295001 | J65: 370 | K65: =P65 -> 352 | L65: =K65 -> 352 | M65: 0 | N65: =L65 -> 352 | O65: 0 | P65: 352 | Q65: 10 | R65: SHIPPED | S65: VQA | T65: SENT | U65: DONE | V65: DONE | W65: DONE | AA65: Short Shipment mail Pending
F66: TOTAL | J66: =SUM(J64:J65) -> 555 | K66: =SUM(K65:K65) -> 352 | L66: =SUM(L65:L65) -> 352 | M66: =SUM(M65:M65) -> 0 | N66: =SUM(N65:N65) -> 352 | O66: =SUM(O65:O65) -> 0 | P66: =SUM(P64:P65) -> 537 | Q66: =SUM(Q64:Q65) -> 15 | R66: SHIPPED
E68: AIR - FOB -B.LORE | F68: TRUCKOUT ON - 25.12.2025 | H68: CDD - 04.01.2026
B69: Line | C69: PLANT CODE | D69: LINE NO | E69: CON | F69: DESTINATION | G69: PO NO | H69: COLOR | I69: MATERIAL NO | J69: QTY | K69: CUT QTY | L69: Send to Wash / Dye | M69: Balance to Send | N69: Wash / Dye Received | O69: Balance to receive | P69: PACK/SHIP QTY | Q69: CTNS | R69: STATUS | S69: FI to be done by | T69: ASN | U69: WEIGHT | V69: WFX | W69: OCR | X69: BOOKING NO | Y69: DO | Z69: INV NO
B70: 6 | C70: CA10 | D70: 10 | E70: PRLS/25/12142 | F70: ITALY | G70: 4702043047 | H70: 7116B GREEN BLUE WHITE | I70: 710B16705001 | J70: 159 | K70: =P70 -> 159 | L70: =K70 -> 159 | M70: 0 | N70: =L70 -> 159 | O70: 0 | P70: 159 | Q70: 10 | R70: Ready to Ship | S70: VQA | T70: DONE | U70: DONE | V70: DONE | W70: DONE | X70: IBKG0000217960
B72: GRAND TOTAL | J72: =J9+J13+J17+J23+J30+J44+J50+J60+J66+J70 -> 33930 | K72: =K17+#REF!+K30+K66 -> #REF! | L72: =L17+#REF!+L30+L66 -> #REF! | M72: =M17+#REF!+M30+M66 -> #REF! | N72: =N17+#REF!+N30+N66 -> #REF! | O72: =O17+#REF!+O30+O66 -> #REF! | P72: =P9+P13+P17+P23+P30+P44+P50+P60+P66+P70 -> 34546 | Q72: =Q9+Q13+Q17+Q23+Q30+Q44+Q50+Q60+Q66+Q70 -> 1857

Sheet 📊 Executive Summary
B1: SHIPMENT EXECUTIVE SUMMARY
B2: 2026 Shipment Analytics Dashboard
B4: KEY PERFORMANCE INDICATORS
C6: Column1 | D6: Column2 | E6: Column3 | F6: Column4 | G6: Column5 | H6: Column6
C7: Total Orders | E7: Total Shipped | G7: Total Cartons
C8: =+GETPIVOTDATA("Sum of ORD QTY",'DASH BOARD'!$B$23) -> 240402 | E8: =+GETPIVOTDATA("Sum of SHIP QTY",'DASH BOARD'!$B$23) -> 242404 | G8: =+GETPIVOTDATA("Sum of CTNS",'DASH BOARD'!$B$23) -> 14126
C10: Column1 | D10: Column2 | E10: Column3 | F10: Column4 | G10: Column5 | H10: Column6
C11: Active Plants | E11: Destinations | G11: CDD
C12: =+'DASH BOARD'!M19 -> 12 | E12: =+'DASH BOARD'!M18 -> 9 | G12: =+'DASH BOARD'!M20 -> 15
B17: PLANTS BY SHIPMENT VOLUME
B18: Rank | C18: Plant Code | D18: Shipped Qty | E18: % of Total
B19: 1 | C19: =+'DASH BOARD'!B4 -> CA10 | D19: =+GETPIVOTDATA("Sum of SHIP QTY",'DASH BOARD'!$B$3,"PLANT COED","CA10") -> 41978 | E19: =D19/E8 -> 0.17317371
B20: 2 | C20: =+'DASH BOARD'!B5 -> CA20 | D20: =+GETPIVOTDATA("Sum of SHIP QTY",'DASH BOARD'!$B$3,"PLANT COED","CA20") -> 41535 | E20: =D20/E8 -> 0.17134618
B21: 3 | C21: =+'DASH BOARD'!B6 -> DS00 | D21: =+GETPIVOTDATA("Sum of SHIP QTY",'DASH BOARD'!$B$3,"PLANT COED","DS00") -> 3280 | E21: =D21/E8 -> 0.01353113
B22: 4 | C22: =+'DASH BOARD'!B7 -> HD00 | D22: =+GETPIVOTDATA("Sum of SHIP QTY",'DASH BOARD'!$B$3,"PLANT COED","HD00") -> 9465 | E22: =D22/E8 -> 0.039046385
B23: 5 | C23: =+'DASH BOARD'!B8 -> LA00 | D23: =+GETPIVOTDATA("Sum of SHIP QTY",'DASH BOARD'!$B$3,"PLANT COED","LA00") -> 10894 | E23: =D23/E8 -> 0.044941503
B24: 6 | C24: =+'DASH BOARD'!B9 -> NW00 | D24: =+GETPIVOTDATA("Sum of SHIP QTY",'DASH BOARD'!$B$3,"PLANT COED","NW00") -> 36309 | E24: =D24/E8 -> 0.14978713
B25: 7 | C25: =+'DASH BOARD'!B10 -> PF00 | D25: =+GETPIVOTDATA("Sum of SHIP QTY",'DASH BOARD'!$B$3,"PLANT COED","PF00") -> 55327 | E25: =D25/E8 -> 0.22824293
B26: 8 | C26: =+'DASH BOARD'!B11 -> TO17 | D26: =+GETPIVOTDATA("Sum of SHIP QTY",'DASH BOARD'!$B$3,"PLANT COED","TO17") -> 978 | E26: =D26/E8 -> 0.0040345869
B27: 9 | C27: =+'DASH BOARD'!B12 -> TO40 | D27: =+GETPIVOTDATA("Sum of SHIP QTY",'DASH BOARD'!$B$3,"PLANT COED","TO40") -> 4046 | E27: =D27/E8 -> 0.016691144
B28: 10 | C28: =+'DASH BOARD'!B13 -> V992 | D28: =+GETPIVOTDATA("Sum of SHIP QTY",'DASH BOARD'!$B$3,"PLANT COED","V992") -> 21180 | E28: =D28/E8 -> 0.087374796
B29: 11 | C29: =+'DASH BOARD'!B14 -> V993 | D29: =+GETPIVOTDATA("Sum of SHIP QTY",'DASH BOARD'!$B$3,"PLANT COED","V993") -> 8571 | E29: =D29/E8 -> 0.035358327
B30: 12 | C30: =+'DASH BOARD'!B15 -> V994 | D30: =+GETPIVOTDATA("Sum of SHIP QTY",'DASH BOARD'!$B$3,"PLANT COED","V994") -> 8841 | E30: =D30/E8 -> 0.03647217
B36: SHIPMENT TIMELINE BY CDD DATE
B37: CDD Date | C37: Ordered Qty | D37: Shipped Qty | E37: Cartons
B38: =+'DASH BOARD'!B24 -> CDD - 11-1-2026 | C38: =+GETPIVOTDATA("Sum of ORD QTY",'DASH BOARD'!$B$23,"CDD Date","CDD - 11-1-2026") -> 37968 | D38: =+GETPIVOTDATA("Sum of SHIP QTY",'DASH BOARD'!$B$23,"CDD Date","CDD - 11-1-2026") -> 38214 | E38: =+GETPIVOTDATA("Sum of CTNS",'DASH BOARD'!$B$23,"CDD Date","CDD - 11-1-2026") -> 2359
B39: =+'DASH BOARD'!B25 -> CDD - 1-2-2026 | C39: =+GETPIVOTDATA("Sum of ORD QTY",'DASH BOARD'!$B$23,"CDD Date","CDD - 1-2-2026") -> 17832 | D39: =+GETPIVOTDATA("Sum of SHIP QTY",'DASH BOARD'!$B$23,"CDD Date","CDD - 1-2-2026") -> 17663 | E39: =+GETPIVOTDATA("Sum of CTNS",'DASH BOARD'!$B$23,"CDD Date","CDD - 1-2-2026") -> 1001
B40: =+'DASH BOARD'!B26 -> CDD - 15-2-2026 | C40: =+GETPIVOTDATA("Sum of ORD QTY",'DASH BOARD'!$B$23,"CDD Date","CDD - 15-2-2026") -> 4150 | D40: =+GETPIVOTDATA("Sum of SHIP QTY",'DASH BOARD'!$B$23,"CDD Date","CDD - 15-2-2026") -> 4208 | E40: =+GETPIVOTDATA("Sum of CTNS",'DASH BOARD'!$B$23,"CDD Date","CDD - 15-2-2026") -> 246
B41: =+'DASH BOARD'!B27 -> CDD - 18-1-2026 | C41: =+GETPIVOTDATA("Sum of ORD QTY",'DASH BOARD'!$B$23,"CDD Date","CDD - 18-1-2026") -> 25906 | D41: =+GETPIVOTDATA("Sum of SHIP QTY",'DASH BOARD'!$B$23,"CDD Date","CDD - 18-1-2026") -> 26214 | E41: =+GETPIVOTDATA("Sum of CTNS",'DASH BOARD'!$B$23,"CDD Date","CDD - 18-1-2026") -> 1620
B42: =+'DASH BOARD'!B28 -> CDD - 26-1-2026 | C42: =+GETPIVOTDATA("Sum of ORD QTY",'DASH BOARD'!$B$23,"CDD Date","CDD - 26-1-2026") -> 12792 | D42: =+GETPIVOTDATA("Sum of SHIP QTY",'DASH BOARD'!$B$23,"CDD Date","CDD - 26-1-2026") -> 12975 | E42: =+GETPIVOTDATA("Sum of CTNS",'DASH BOARD'!$B$23,"CDD Date","CDD - 26-1-2026") -> 954
B43: =+'DASH BOARD'!B29 -> CDD - 4-1-2026 | C43: =+GETPIVOTDATA("Sum of ORD QTY",'DASH BOARD'!$B$23,"CDD Date","CDD - 4-1-2026") -> 33930 | D43: =+GETPIVOTDATA("Sum of SHIP QTY",'DASH BOARD'!$B$23,"CDD Date","CDD - 4-1-2026") -> 34546 | E43: =+GETPIVOTDATA("Sum of CTNS",'DASH BOARD'!$B$23,"CDD Date","CDD - 4-1-2026") -> 1857
B44: =+'DASH BOARD'!B30 -> CDD - 8-2-2026 | C44: =+GETPIVOTDATA("Sum of ORD QTY",'DASH BOARD'!$B$23,"CDD Date","CDD - 8-2-2026") -> 8849 | D44: =+GETPIVOTDATA("Sum of SHIP QTY",'DASH BOARD'!$B$23,"CDD Date","CDD - 8-2-2026") -> 8855 | E44: =+GETPIVOTDATA("Sum of CTNS",'DASH BOARD'!$B$23,"CDD Date","CDD - 8-2-2026") -> 482
B45: =+'DASH BOARD'!B31 -> CDD - 22-2-2026 | C45: =+GETPIVOTDATA("Sum of ORD QTY",'DASH BOARD'!$B$23,"CDD Date","CDD - 22-2-2026") -> 3750 | D45: =+GETPIVOTDATA("Sum of SHIP QTY",'DASH BOARD'!$B$23,"CDD Date","CDD - 22-2-2026") -> 3849 | E45: =+GETPIVOTDATA("Sum of CTNS",'DASH BOARD'!$B$23,"CDD Date","CDD - 22-2-2026") -> 223
B46: =+'DASH BOARD'!B32 -> CDD - 1-3-2026 | C46: =+GETPIVOTDATA("Sum of ORD QTY",'DASH BOARD'!$B$23,"CDD Date","CDD - 1-3-2026") -> 9750 | D46: =+GETPIVOTDATA("Sum of SHIP QTY",'DASH BOARD'!$B$23,"CDD Date","CDD - 1-3-2026") -> 9903 | E46: =+GETPIVOTDATA("Sum of CTNS",'DASH BOARD'!$B$23,"CDD Date","CDD - 1-3-2026") -> 585
B47: =+'DASH BOARD'!B33 -> CDD - 8-3-2026 | C47: =+GETPIVOTDATA("Sum of ORD QTY",'DASH BOARD'!$B$23,"CDD Date","CDD - 8-3-2026") -> 27810 | D47: =+GETPIVOTDATA("Sum of SHIP QTY",'DASH BOARD'!$B$23,"CDD Date","CDD - 8-3-2026") -> 28469 | E47: =+GETPIVOTDATA("Sum of CTNS",'DASH BOARD'!$B$23,"CDD Date","CDD - 8-3-2026") -> 1596
B48: =+'DASH BOARD'!B34 -> CDD - 15-3-2026 | C48: =+GETPIVOTDATA("Sum of ORD QTY",'DASH BOARD'!$B$23,"CDD Date","CDD - 15-3-2026") -> 5217 | D48: =+GETPIVOTDATA("Sum of SHIP QTY",'DASH BOARD'!$B$23,"CDD Date","CDD - 15-3-2026") -> 5297 | E48: =+GETPIVOTDATA("Sum of CTNS",'DASH BOARD'!$B$23,"CDD Date","CDD - 15-3-2026") -> 139
B49: =+'DASH BOARD'!B35 -> CDD - 22-3-2026 | C49: =+GETPIVOTDATA("Sum of ORD QTY",'DASH BOARD'!$B$23,"CDD Date","CDD - 22-3-2026") -> 1060 | D49: =+GETPIVOTDATA("Sum of SHIP QTY",'DASH BOARD'!$B$23,"CDD Date","CDD - 22-3-2026") -> 1082 | E49: =+GETPIVOTDATA("Sum of CTNS",'DASH BOARD'!$B$23,"CDD Date","CDD - 22-3-2026") -> 26
B50: =+'DASH BOARD'!B36 -> CDD - 29-3-2026 | C50: =+GETPIVOTDATA("Sum of ORD QTY",'DASH BOARD'!$B$23,"CDD Date","CDD - 29-3-2026") -> 15769 | D50: =+GETPIVOTDATA("Sum of SHIP QTY",'DASH BOARD'!$B$23,"CDD Date","CDD - 29-3-2026") -> 16021 | E50: =+GETPIVOTDATA("Sum of CTNS",'DASH BOARD'!$B$23,"CDD Date","CDD - 29-3-2026") -> 810
B52: =+'DASH BOARD'!B37 -> CDD - 05-4-2026 | C52: =+GETPIVOTDATA("Sum of ORD QTY",'DASH BOARD'!$B$23,"CDD Date","CDD - 05-4-2026") -> 25860 | D52: =+GETPIVOTDATA("Sum of SHIP QTY",'DASH BOARD'!$B$23,"CDD Date","CDD - 05-4-2026") -> 25968 | E52: =+GETPIVOTDATA("Sum of CTNS",'DASH BOARD'!$B$23,"CDD Date","CDD - 05-4-2026") -> 1763
B53: =+'DASH BOARD'!B38 -> CDD - 12-4-2026 | C53: =+GETPIVOTDATA("Sum of ORD QTY",'DASH BOARD'!$B$23,"CDD Date","CDD - 12-4-2026") -> 9759 | D53: =+GETPIVOTDATA("Sum of SHIP QTY",'DASH BOARD'!$B$23,"CDD Date","CDD - 12-4-2026") -> 9140 | E53: =+GETPIVOTDATA("Sum of CTNS",'DASH BOARD'!$B$23,"CDD Date","CDD - 12-4-2026") -> 465

Sheet DASH BOARD
B3: PLANT | C3: Sum of ORD QTY | D3: Sum of SHIP QTY | G3: COUNTRY | H3: Sum of ORD QTY | I3: Sum of SHIP QTY | J3: Sum of CTNS
B4: CA10 | C4: 41052 | D4: 41978 | G4: CANADA | H4: 5007 | I4: 5024 | J4: 287
B5: CA20 | C5: 41625 | D5: 41535 | G5: HK | H5: 10650 | I5: 10716 | J5: 562
B6: DS00 | C6: 3232 | D6: 3280 | G6: HONG KONG | H6: 10679 | I6: 10464 | J6: 611
B7: HD00 | C7: 9883 | D7: 9465 | G7: ITALY | H7: 82477 | I7: 83313 | J7: 4461
B8: LA00 | C8: 10894 | D8: 10894 | G8: JAPAN | H8: 7838 | I8: 7997 | J8: 420
B9: NW00 | C9: 35717 | D9: 36309 | G9: KOREA | H9: 8418 | I9: 8571 | J9: 472
B10: PF00 | C10: 54571 | D10: 55327 | G10: RL-Mexico | H10: 4068 | I10: 4124 | J10: 225
B11: TO17 | C11: 978 | D11: 978 | G11: US | H11: 97780 | I11: 98495 | J11: 6405
B12: TO40 | C12: 4029 | D12: 4046 | G12: USA | H12: 13485 | I12: 13700 | J12: 683
B13: V992 | C13: 21329 | D13: 21180 | G13: Grand Total | H13: 240402 | I13: 242404 | J13: 14126
B14: V993 | C14: 8418 | D14: 8571
B15: V994 | C15: 8674 | D15: 8841
B16: Grand Total | C16: 240402 | D16: 242404
L18: COUNT OF COUNTRY | M18: =COUNTA(G4:G12) -> 9
L19: COUNT OF PLANT | M19: =COUNTA(B4:B15) -> 12
L20: COUNT OF CDD | M20: =COUNTA(B24:B38) -> 15
B23: CDD | C23: Sum of ORD QTY | D23: Sum of SHIP QTY | E23: Sum of CTNS
B24: CDD - 11-1-2026 | C24: 37968 | D24: 38214 | E24: 2359
B25: CDD - 1-2-2026 | C25: 17832 | D25: 17663 | E25: 1001
B26: CDD - 15-2-2026 | C26: 4150 | D26: 4208 | E26: 246
B27: CDD - 18-1-2026 | C27: 25906 | D27: 26214 | E27: 1620
B28: CDD - 26-1-2026 | C28: 12792 | D28: 12975 | E28: 954
B29: CDD - 4-1-2026 | C29: 33930 | D29: 34546 | E29: 1857
B30: CDD - 8-2-2026 | C30: 8849 | D30: 8855 | E30: 482
B31: CDD - 22-2-2026 | C31: 3750 | D31: 3849 | E31: 223
B32: CDD - 1-3-2026 | C32: 9750 | D32: 9903 | E32: 585
B33: CDD - 8-3-2026 | C33: 27810 | D33: 28469 | E33: 1596
B34: CDD - 15-3-2026 | C34: 5217 | D34: 5297 | E34: 139
B35: CDD - 22-3-2026 | C35: 1060 | D35: 1082 | E35: 26
... B39: Grand Total | C39: 240402 | D39: 242404 | E39: 14126

Sheet ASN Details-2026
A1: 2026 - ASN DETAILS
A3: PLANT COED | B3: LINE NO | C3: CON NO | D3: PO# | E3: COLOUR | F3: M ID | G3: COUNTRY | H3: ORD QTY | I3: SHIP QTY | J3: CTNS | K3: Shipment Status | L3: Shipment MODE | M3: ASN STATUS | N3: ASN NO | O3: CDD Date | P3: Cargo | Q3: Booking Number | R3: Shipped Date | S3: ASN MAIL | T3: INV NO | U3: Remarks
A4: CA10 | B4: 10 | C4: PRLS/25/11975, PRLS/25/12090 | D4: 4702043040 | E4: 5137H GARDEN TRAIL WHITE | F4: 710B15594001 | G4: ITALY | H4: 4554 | I4: 4685 | J4: 270 | K4: SHIPPED | L4: SEA - FOB | M4: SENT | N4: 015605004425 | O4: CDD - 4-1-2026 | P4: SEA - FOB - CHENNAI | Q4: IBKG0000212582 | R4: 46012 | S4: SENT | T4: LCPEXP2526-2334
A5: CA10 | B5: 20 | C5: PRLS/25/11976, PRLS/25/12091 | D5: 4702043040 | E5: 7188A WHITE BLUE | F5: 710B15594004 | G5: ITALY | H5: 4100 | I5: 4202 | J5: 244 | K5: SHIPPED | L5: SEA - FOB | M5: SENT | N5: 015605004423 | O5: CDD - 4-1-2026 | P5: SEA - FOB - CHENNAI | Q5: IBKG0000212582 | R5: 46012 | S5: SENT | T5: LCPEXP2526-2334
A6: CA10 | B6: 40 | C6: PRLS/25/11979, PRLS/25/12093 | D6: 4702043040 | E6: 7188E COASTAL BEIGE WHITE | F6: 710B15594006 | G6: ITALY | H6: 4500 | I6: 4613 | J6: 266 | K6: SHIPPED | L6: SEA - FOB | M6: SENT | N6: 015605004426 | O6: CDD - 4-1-2026 | P6: SEA - FOB - CHENNAI | Q6: IBKG0000212582 | R6: 46012 | S6: SENT | T6: LCPEXP2526-2334
A7: CA10 | B7: 30 | C7: PRLS/25/12141 | D7: 4702043041 | E7: 7188E COASTAL BEIGE WHITE | F7: 710B15594006 | G7: ITALY | H7: 545 | I7: 560 | J7: 33 | K7: SHIPPED | L7: SEA - FOB | M7: SENT | N7: 015605004424 | O7: CDD - 4-1-2026 | P7: SEA - FOB - CHENNAI | Q7: IBKG0000212582 | R7: 46012 | S7: SENT | T7: LCPEXP2526-2334
A8: TO40 | B8: 10 | C8: PRLS/25/12130 | D8: 4702043032 | E8: 7188D LAVENDER WHITE | F8: 710978098501 | G8: CANADA | H8: 36 | I8: 36 | J8: 4 | K8: SHIPPED | L8: SEA - FOB | M8: SENT | N8: 015605004429 | O8: CDD - 4-1-2026 | P8: SEA - FOB - CHENNAI | Q8: IBKG0000213014 | R8: 46014 | S8: SENT | T8: LCPEXP2526-2347
A9: TO40 | B9: 20 | C9: PRLS/25/12132 | D9: 4702043032 | E9: 7188A WHITE BLUE | F9: 710978098503 | G9: CANADA | H9: 48 | I9: 48 | J9: 3 | K9: SHIPPED | L9: SEA - FOB | M9: SENT | N9: 015605004429 | O9: CDD - 4-1-2026 | P9: SEA - FOB - CHENNAI | Q9: IBKG0000213014 | R9: 46014 | S9: SENT | T9: LCPEXP2526-2347
A10: TO40 | B10: 30 | C10: PRLS/25/12133 | D10: 4702043032 | E10: 7188B BLUE WHITE | F10: 710978098505 | G10: CANADA | H10: 42 | I10: 42 | J10: 3 | K10: SHIPPED | L10: SEA - FOB | M10: SENT | N10: 015605004429 | O10: CDD - 4-1-2026 | P10: SEA - FOB - CHENNAI | Q10: IBKG0000213014 | R10: 46014 | S10: SENT | T10: LCPEXP2526-2347
A11: TO40 | B11: 40 | C11: PRLS/25/12134 | D11: 4702043032 | E11: 7188G NEW CLASSIC NAVY WHITE | F11: 710978098508 | G11: CANADA | H11: 42 | I11: 42 | J11: 3 | K11: SHIPPED | L11: SEA - FOB | M11: SENT | N11: 015605004429 | O11: CDD - 4-1-2026 | P11: SEA - FOB - CHENNAI | Q11: IBKG0000213014 | R11: 46014 | S11: SENT | T11: LCPEXP2526-2347
A12: TO40 | B12: 10 | C12: PRLS/25/12211 | D12: 4702053662 | E12: CARMEL PINK | F12: 710967632006 | G12: CANADA | H12: 264 | I12: 264 | J12: 15 | K12: SHIPPED | L12: SEA - FOB | M12: SENT | N12: 015605004430 | O12: CDD - 4-1-2026 | P12: SEA - FOB - CHENNAI | Q12: IBKG0000213024 | R12: 46014 | S12: SENT | T12: LCPEXP2526-2348
A13: TO40 | B13: 10 | C13: PRLS/25/12334 | D13: 4702048643 | E13: 5463 WHITE/YELLOW MULTI | F13: 710B23578001 | G13: CANADA | H13: 224 | I13: 224 | J13: 4 | K13: SHIPPED | L13: SEA - FOB | M13: SENT | N13: 015605004433 | O13: CDD - 4-1-2026 | P13: SEA - FOB - CHENNAI | Q13: IBKG0000213020 | R13: 46014 | S13: SENT | T13: LCPEXP2526-2349
A14: CA10 | B14: 10 | C14: PRLS/25/12139 | D14: 4702043041 | E14: 7188A WHITE BLUE | F14: 710B15594004 | G14: ITALY | H14: 2100 | I14: 2161 | J14: 125 | K14: SHIPPED | L14: SEA - FOB | M14: SENT | N14: 015605004427 | O14: CDD - 4-1-2026 | P14: SEA - FOB - CHENNAI | Q14: IBKG0000212611 | R14: 46014 | S14: SENT | T14: LCPEXP2526-2335
A15: CA10 | B15: 20 | C15: PRLS/25/12140 | D15: 4702043041 | E15: 7188B BLUE WHITE | F15: 710B15594005 | G15: ITALY | H15: 1985 | I15: 2030 | J15: 117 | K15: SHIPPED | L15: SEA - FOB | M15: SENT | N15: 015605004427 | O15: CDD - 4-1-2026 | P15: SEA - FOB - CHENNAI | Q15: IBKG0000212611 | R15: 46014 | S15: SENT | T15: LCPEXP2526-2335
A16: CA10 | B16: 10 | C16: PRLS/25/12142 | D16: 4702043047 | E16: 7116B GREEN BLUE WHITE | F16: 710B16705001 | G16: ITALY | H16: 621 | I16: 622 | J16: 37 | K16: SHIPPED | L16: SEA - FOB | M16: SENT | N16: 015605004428 | O16: CDD - 4-1-2026 | P16: SEA - FOB - CHENNAI | Q16: IBKG0000212611 | R16: 46014 | S16: SENT | T16: LCPEXP2526-2335
A17: V992 | B17: 10 | C17: PRLS/25/11746 | D17: 4702048420 | E17: AUSTIN BLUE | F17: 710966292032 | G17: HK | H17: 1720 | I17: 1717 | J17: 97 | K17: SHIPPED | L17: SEA - FOB | M17: SENT | N17: 15605004434 | O17: CDD - 4-1-2026 | P17: SEA - FOB - CHENNAI | Q17: IBKG0000212594 | R17: 46014 | S17: SENT | T17: LCPEXP2526-2346
A18: V992 | B18: 10 | C18: PRLS/25/11746 | D18: 4702048419 | E18: AUSTIN BLUE | F18: 710966292032 | G18: HK | H18: 935 | I18: 935 | J18: 54 | K18: SHIPPED | L18: SEA - FOB | M18: SENT | N18: 15605004435 | O18: CDD - 4-1-2026 | P18: SEA - FOB - CHENNAI | Q18: IBKG0000212594 | R18: 46014 | S18: SENT | T18: LCPEXP2526-2346
A19: V992 | B19: 10 | C19: PRLS/25/11747 | D19: 4702048424 | E19: AUSTIN BLUE | F19: 710966293026 | G19: HK | H19: 320 | I19: 326 | J19: 17 | K19: SHIPPED | L19: SEA - FOB | M19: SENT | N19: 15605004436 | O19: CDD - 4-1-2026 | P19: SEA - FOB - CHENNAI | Q19: IBKG0000212594 | R19: 46014 | S19: SENT | T19: LCPEXP2526-2346
A20: V992 | B20: 10 | C20: PRLS/25/11747 | D20: 4702048425 | E20: AUSTIN BLUE | F20: 710966293026 | G20: HK | H20: 1123 | I20: 1123 | J20: 58 | K20: SHIPPED | L20: SEA - FOB | M20: SENT | N20: 15605004437 | O20: CDD - 4-1-2026 | P20: SEA - FOB - CHENNAI | Q20: IBKG0000212594 | R20: 46014 | S20: SENT | T20: LCPEXP2526-2346
A21: V992 | B21: 10 | C21: PRLS/25/11970 | D21: 4702043054 | E21: 7188B BLUE WHITE | F21: 711978098001 | G21: HK | H21: 55 | I21: 55 | J21: 4 | K21: SHIPPED | L21: SEA - FOB | M21: SENT | N21: 15605004439 | O21: CDD - 4-1-2026 | P21: SEA - FOB - CHENNAI | Q21: IBKG0000212594 | R21: 46014 | S21: SENT | T21: LCPEXP2526-2346
A22: V992 | B22: 20 | C22: PRLS/25/11971 | D22: 4702043054 | E22: 7188A WHITE BLUE | F22: 711978098002 | G22: HK | H22: 14 | I22: 14 | J22: 1 | K22: SHIPPED | L22: SEA - FOB | M22: SENT | N22: 15605004439 | O22: CDD - 4-1-2026 | P22: SEA - FOB - CHENNAI | Q22: IBKG0000212594 | R22: 46014 | S22: SENT | T22: LCPEXP2526-2346
A23: V992 | B23: 30 | C23: PRLS/25/11972 | D23: 4702043054 | E23: 7188E COASTAL BEIGE WHITE | F23: 711978098003 | G23: HK | H23: 9 | I23: 9 | J23: 1 | K23: SHIPPED | L23: SEA - FOB | M23: SENT | N23: 15605004439 | O23: CDD - 4-1-2026 | P23: SEA - FOB - CHENNAI | Q23: IBKG0000212594 | R23: 46014 | S23: SENT | T23: LCPEXP2526-2346
A24: V992 | B24: 10 | C24: PRLS/25/11974 | D24: 4702043036 | E24: 7169 BLUE GREEN MULTI | F24: 710B14232001 | G24: HK | H24: 24 | I24: 24 | J24: 1 | K24: SHIPPED | L24: SEA - FOB | M24: SENT | N24: 15605004440 | O24: CDD - 4-1-2026 | P24: SEA - FOB - CHENNAI | Q24: IBKG0000212594 | R24: 46014 | S24: SENT | T24: LCPEXP2526-2346
A25: V992 | B25: 10 | C25: PRLS/25/11974 | D25: 4702043037 | E25: 7169 BLUE GREEN MULTI | F25: 710B14232001 | G25: HK | H25: 35 | I25: 35 | J25: 2 | K25: SHIPPED | L25: SEA - FOB | M25: SENT | N25: 15605004441 | O25: CDD - 4-1-2026 | P25: SEA - FOB - CHENNAI | Q25: IBKG0000212594 | R25: 46014 | S25: SENT | T25: LCPEXP2526-2346
A26: V992 | B26: 10 | C26: PRLS/25/11975 | D26: 4702043042 | E26: 5137H GARDEN TRAIL WHITE | F26: 710B15594001 | G26: HK | H26: 186 | I26: 186 | J26: 11 | K26: SHIPPED | L26: SEA - FOB | M26: SENT | N26: 15605004442 | O26: CDD - 4-1-2026 | P26: SEA - FOB - CHENNAI | Q26: IBKG0000212594 | R26: 46014 | S26: SENT | T26: LCPEXP2526-2346
A27: V992 | B27: 10 | C27: PRLS/25/12094 | D27: 4702043048 | E27: 7116A BLUE GREEN MULTI | F27: 710B16705002 | G27: HK | H27: 449 | I27: 454 | J27: 29 | K27: SHIPPED | L27: SEA - FOB | M27: SENT | N27: 15605004438 | O27: CDD - 4-1-2026 | P27: SEA - FOB - CHENNAI | Q27: IBKG0000212594 | R27: 46014 | S27: SENT | T27: LCPEXP2526-2346
A28: V992 | B28: 10 | C28: PRLS/25/11823 | D28: 4702032003 | E28: 7187 PURPLE BLUE MULTI | F28: 710B14295001 | G28: HK | H28: 185 | I28: 185 | J28: 5 | K28: SHIPPED | L28: MUMBAI | M28: SENT | N28: 15605004431 | O28: CDD - 4-1-2026 | P28: SEA - FOB - MUMBAI | Q28: IBKG0000212610 | R28: 46015 | S28: SENT | T28: LCPEXP2526-2336
A29: V992 | B29: 10 | C29: PRLS/25/11823 | D29: 4702032002 | E29: 7187 PURPLE BLUE MULTI | F29: 710B14295001 | G29: HK | H29: 370 | I29: 352 | J29: 10 | K29: SHIPPED | L29: MUMBAI | M29: SENT | N29: 15605004432 | O29: CDD - 4-1-2026 | P29: SEA - FOB - MUMBAI | Q29: IBKG0000212610 | R29: 46015 | S29: SENT | T29: LCPEXP2526-2336
A30: NW00 | B30: 10 | C30: PRLS/25/12130 | D30: 4702043029 | E30: 7188D LAVENDER WHITE | F30: 710978098501 | G30: USA | H30: 390 | I30: 399 | J30: 24 | K30: SHIPPED | L30: SEA - FOB | M30: SENT | N30: 15605004446 | O30: CDD - 4-1-2026 | P30: SEA - FOB - CHENNAI | Q30: IBKG0000212613 | R30: 46017 | S30: SENT | T30: LCPEXP2526-2415
A31: NW00 | B31: 20 | C31: PRLS/25/12131 | D31: 4702043029 | E31: 7188E COASTAL BEIGE WHITE | F31: 710978098502 | G31: USA | H31: 538 | I31: 546 | J31: 33 | K31: SHIPPED | L31: SEA - FOB | M31: SENT | N31: 15605004446 | O31: CDD - 4-1-2026 | P31: SEA - FOB - CHENNAI | Q31: IBKG0000212613 | R31: 46017 | S31: SENT | T31: LCPEXP2526-2415
A32: NW00 | B32: 30 | C32: PRLS/25/12132 | D32: 4702043029 | E32: 7188A WHITE BLUE | F32: 710978098503 | G32: USA | H32: 2549 | I32: 2621 | J32: 153 | K32: SHIPPED | L32: SEA - FOB | M32: SENT | N32: 15605004446 | O32: CDD - 4-1-2026 | P32: SEA - FOB - CHENNAI | Q32: IBKG0000212613 | R32: 46017 | S32: SENT | T32: LCPEXP2526-2415
A33: PF00 | B33: 10 | C33: PRLS/25/12130 | D33: 4702043030 | E33: 7188D LAVENDER WHITE | F33: 710978098501 | G33: USA | H33: 564 | I33: 576 | J33: 34 | K33: SHIPPED | L33: SEA - FOB | M33: SENT | N33: 15605004447 | O33: CDD - 4-1-2026 | P33: SEA - FOB - CHENNAI | Q33: IBKG0000212614 | R33: 46017 | S33: SENT | T33: LCPEXP2526-2416
A34: PF00 | B34: 20 | C34: PRLS/25/12132 | D34: 4702043030 | E34: 7188A WHITE BLUE | F34: 710978098503 | G34: USA | H34: 752 | I34: 772 | J34: 45 | K34: SHIPPED | L34: SEA - FOB | M34: SENT | N34: 15605004447 | O34: CDD - 4-1-2026 | P34: SEA - FOB - CHENNAI | Q34: IBKG0000212614 | R34: 46017 | S34: SENT | T34: LCPEXP2526-2416
A35: PF00 | B35: 30 | C35: PRLS/25/12133 | D35: 4702043030 | E35: 7188B BLUE WHITE | F35: 710978098505 | G35: USA | H35: 658 | I35: 673 | J35: 40 | K35: SHIPPED | L35: SEA - FOB | M35: SENT | N35: 15605004447 | O35: CDD - 4-1-2026 | P35: SEA - FOB - CHENNAI | Q35: IBKG0000212614 | R35: 46017 | S35: SENT | T35: LCPEXP2526-2416
A36: PF00 | B36: 40 | C36: PRLS/25/12134 | D36: 4702043030 | E36: 7188G NEW CLASSIC NAVY WHITE | F36: 710978098508 | G36: USA | H36: 658 | I36: 673 | J36: 39 | K36: SHIPPED | L36: SEA - FOB | M36: SENT | N36: 15605004447 | O36: CDD - 4-1-2026 | P36: SEA - FOB - CHENNAI | Q36: IBKG0000212614 | R36: 46017 | S36: SENT | T36: LCPEXP2526-2416
A37: PF00 | B37: 10 | C37: PRLS/25/12326 | D37: 4702053675 | E37: CARMEL PINK | F37: 711967632004 | G37: USA | H37: 300 | I37: 297 | J37: 20 | K37: SHIPPED | L37: SEA - FOB | M37: SENT | N37: 15605004443 | O37: CDD - 4-1-2026 | P37: SEA - FOB - CHENNAI | Q37: IBKG0000212614 | R37: 46017 | S37: SENT | T37: LCPEXP2526-2416
A38: PF00 | B38: 10 | C38: PRLS/25/12334 | D38: 4702048641 | E38: 5463 WHITE/YELLOW MULTI | F38: 710B23578001 | G38: USA | H38: 2476 | I38: 2486 | J38: 36 | K38: SHIPPED | L38: SEA - FOB | M38: SENT | N38: 15605004445 | O38: CDD - 4-1-2026 | P38: SEA - FOB - CHENNAI | Q38: IBKG0000212614 | R38: 46017 | S38: SENT | T38: LCPEXP2526-2416
A39: PF00 | B39: 10 | C39: PRLS/25/12337 | D39: 4702048644 | E39: 5463 WHITE/YELLOW MULTI | F39: 711B23578001 | G39: USA | H39: 400 | I39: 400 | J39: 9 | K39: SHIPPED | L39: SEA - FOB | M39: SENT | N39: 15605004444 | O39: CDD - 4-1-2026 | P39: SEA - FOB - CHENNAI | Q39: IBKG0000212614 | R39: 46017 | S39: SENT | T39: LCPEXP2526-2416
A40: PF00 | B40: 10 | C40: PRLS/25/12211 | D40: 4702053661 | E40: CARMEL PINK | F40: 710967632006 | G40: US | H40: 3036 | I40: 3090 | J40: 179 | K40: SHIPPED | L40: SEA - FOB | M40: SENT | N40: 15605004448 | O40: CDD - 11-1-2026 | P40: SEA - FOB - CHENNAI | Q40: IBKG0000216225 | R40: 46022 | S40: SENT | T40: LCPEXP2526-2453
A41: PF00 | B41: 10 | C41: PRLS/25/12333 | D41: 4702049224 | E41: 6555E KEY WEST WHITE | F41: 710B22363001 | G41: US | H41: 3764 | I41: 3851 | J41: 221 | K41: SHIPPED | L41: SEA - FOB | M41: SENT | N41: 15605004454 | O41: CDD - 11-1-2026 | P41: SEA - FOB - CHENNAI | Q41: IBKG0000216225 | R41: 46022 | S41: SENT | T41: LCPEXP2526-2453
A42: LA00 | B42: 20 | C42: PRLS/25/12434 | D42: 4702055741 | E42: POLO BLACK | F42: 710966292015 | G42: US | H42: 88 | I42: 88 | J42: 11 | K42: SHIPPED | L42: SEA - FOB | M42: SENT | N42: 15605004455 | O42: CDD - 11-1-2026 | P42: SEA - FOB - CHENNAI | Q42: IBKG0000216226 | R42: 46023 | S42: SENT | T42: LCPEXP2526-2493
A43: LA00 | B43: 20 | C43: PRLS/25/12434 | D43: 4702055742 | E43: POLO BLACK | F43: 710966292015 | G43: US | H43: 912 | I43: 912 | J43: 152 | K43: SHIPPED | L43: SEA - FOB | M43: SENT | N43: 15605004456 | O43: CDD - 11-1-2026 | P43: SEA - FOB - CHENNAI | Q43: IBKG0000216226 | R43: 46023 | S43: SENT | T43: LCPEXP2526-2493
A44: LA00 | B44: 20 | C44: PRLS/25/12434 | D44: 4702055743 | E44: POLO BLACK | F44: 710966292015 | G44: US | H44: 472 | I44: 472 | J44: 59 | K44: SHIPPED | L44: SEA - FOB | M44: SENT | N44: 15605004457 | O44: CDD - 11-1-2026 | P44: SEA - FOB - CHENNAI | Q44: IBKG0000216226 | R44: 46023 | S44: SENT | T44: LCPEXP2526-2493
A45: LA00 | B45: 20 | C45: PRLS/25/12434 | D45: 4702055744 | E45: POLO BLACK | F45: 710966292015 | G45: US | H45: 402 | I45: 402 | J45: 67 | K45: SHIPPED | L45: SEA - FOB | M45: SENT | N45: 15605004458 | O45: CDD - 11-1-2026 | P45: SEA - FOB - CHENNAI | Q45: IBKG0000216226 | R45: 46023 | S45: SENT | T45: LCPEXP2526-2493
A46: LA00 | B46: 20 | C46: PRLS/25/12434 | D46: 4702055745 | E46: POLO BLACK | F46: 710966292015 | G46: US | H46: 144 | I46: 144 | J46: 24 | K46: SHIPPED | L46: SEA - FOB | M46: SENT | N46: 15605004459 | O46: CDD - 11-1-2026 | P46: SEA - FOB - CHENNAI | Q46: IBKG0000216226 | R46: 46023 | S46: SENT | T46: LCPEXP2526-2493
A47: LA00 | B47: 20 | C47: PRLS/25/12434 | D47: 4702055746 | E47: POLO BLACK | F47: 710966292015 | G47: US | H47: 36 | I47: 36 | J47: 3 | K47: SHIPPED | L47: SEA - FOB | M47: SENT | N47: 15605004460 | O47: CDD - 11-1-2026 | P47: SEA - FOB - CHENNAI | Q47: IBKG0000216226 | R47: 46023 | S47: SENT | T47: LCPEXP2526-2493
A48: LA00 | B48: 20 | C48: PRLS/25/12434 | D48: 4702055747 | E48: POLO BLACK | F48: 710966292015 | G48: US | H48: 108 | I48: 108 | J48: 9 | K48: SHIPPED | L48: SEA - FOB | M48: SENT | N48: 15605004461 | O48: CDD - 11-1-2026 | P48: SEA - FOB - CHENNAI | Q48: IBKG0000216226 | R48: 46023 | S48: SENT | T48: LCPEXP2526-2493
A49: LA00 | B49: 20 | C49: PRLS/25/12434 | D49: 4702055748 | E49: POLO BLACK | F49: 710966292015 | G49: US | H49: 132 | I49: 132 | J49: 11 | K49: SHIPPED | L49: SEA - FOB | M49: SENT | N49: 15605004462 | O49: CDD - 11-1-2026 | P49: SEA - FOB - CHENNAI | Q49: IBKG0000216226 | R49: 46023 | S49: SENT | T49: LCPEXP2526-2493
A50: LA00 | B50: 20 | C50: PRLS/25/12434 | D50: 4702055749 | E50: POLO BLACK | F50: 710966292015 | G50: US | H50: 84 | I50: 84 | J50: 7 | K50: SHIPPED | L50: SEA - FOB | M50: SENT | N50: 15605004463 | O50: CDD - 11-1-2026 | P50: SEA - FOB - CHENNAI | Q50: IBKG0000216226 | R50: 46023 | S50: SENT | T50: LCPEXP2526-2493
A51: LA00 | B51: 20 | C51: PRLS/25/12434 | D51: 4702055750 | E51: POLO BLACK | F51: 710966292015 | G51: US | H51: 36 | I51: 36 | J51: 3 | K51: SHIPPED | L51: SEA - FOB | M51: SENT | N51: 15605004464 | O51: CDD - 11-1-2026 | P51: SEA - FOB - CHENNAI | Q51: IBKG0000216226 | R51: 46023 | S51: SENT | T51: LCPEXP2526-2493
A52: CA10 | B52: 10 | C52: PRLS/25/12142 | D52: 4702043047 | E52: 7116B GREEN BLUE WHITE | F52: 710B16705001 | G52: ITALY | H52: 159 | I52: 159 | J52: 10 | K52: SHIPPED | L52: AIR - FOB | M52: SENT | N52: 15605004451 | O52: CDD - 4-1-2026 | P52: AIR - FOB - BANGLORE | Q52: IBKG0000217960 | R52: 46024 | S52: SENT | T52: LCPEXP2526-2492
A53: NW00 | B53: 20 | C53: PRLS/25/12434 | D53: 4702056488 | E53: POLO BLACK | F53: 710966292015 | G53: US | H53: 2610 | I53: 2659 | J53: 154 | K53: SHIPPED | L53: SEA - FOB | M53: SENT | N53: 15605004470 | O53: CDD - 11-1-2026 | P53: SEA - FOB - CHENNAI | Q53: IBKG0000216224 | R53: 46024 | S53: SENT | T53: LCPEXP2526-2523
A54: TO40 | B54: 10 | C54: PRLS/25/12333 | D54: 4702049226 | E54: 6555E KEY WEST WHITE | F54: 710B22363001 | G54: CANADA | H54: 336 | I54: 339 | J54: 21 | K54: SHIPPED | L54: SEA - FOB | M54: SENT | N54: 15605004466 | O54: CDD - 11-1-2026 | P54: SEA - FOB - CHENNAI | Q54: IBKG0000216867 | R54: 46024 | S54: SENT | T54: LCPEXP2526-2524
A55: CA10 | B55: 10 | C55: PRLS/25/12334 | D55: 4702048642 | E55: WHITE/YELLOW MULTI | F55: 710B23578001 | G55: US | H55: 100 | I55: 100 | J55: 2 | K55: SHIPPED | L55: AIR - FOB | M55: SENT | N55: 15605004452 | O55: CDD - 11-1-2026 | P55: AIR - FOB - BANGLORE | Q55: IBKG0000217978 | R55: 46024 | S55: SENT | T55: LCPEXP2526-2520
A56: CA10 | B56: 10 | C56: PRLS/25/12337 | D56: 4702048645 | E56: WHITE/YELLOW MULTI | F56: 711B23578001 | G56: US | H56: 100 | I56: 100 | J56: 4 | K56: SHIPPED | L56: AIR - FOB | M56: SENT | N56: 15605004453 | O56: CDD - 11-1-2026 | P56: AIR - FOB - BANGLORE | Q56: IBKG0000217978 | R56: 46024 | S56: SENT | T56: LCPEXP2526-2520
A57: CA20 | B57: 10 | C57: PRLS/25/12206 | D57: 4702049206 | E57: 5137G COASTAL BEIGE/WHITE | F57: 710982798002 | G57: ITALY | H57: 4665 | I57: 4767 | J57: 272 | K57: SHIPPED | L57: SEA - FOB | M57: SENT | N57: 15605004449 | O57: CDD - 11-1-2026 | P57: SEA - FOB - CHENNAI | Q57: IBKG0000216213 | R57: 46026 | S57: SENT | T57: LCPEXP2526-2525
A58: CA20 | B58: 10 | C58: PRLS/25/12329 | D58: 4702049730 | E58: 5137G COASTAL BEIGE/WHITE | F58: 710982798002 | G58: ITALY | H58: 396 | I58: 396 | J58: 18 | K58: SHIPPED | L58: SEA - FOB | M58: SENT | N58: 15605004481 | O58: CDD - 11-1-2026 | P58: SEA - FOB - CHENNAI | Q58: IBKG0000216213 | R58: 46026 | S58: SENT | T58: LCPEXP2526-2525
A59: CA20 | B59: 10 | C59: PRLS/25/12329 | D59: 4702049729 | E59: 5137G COASTAL BEIGE/WHITE | F59: 710982798002 | G59: ITALY | H59: 924 | I59: 924 | J59: 42 | K59: SHIPPED | L59: SEA - FOB | M59: SENT | N59: 15605004480 | O59: CDD - 11-1-2026 | P59: SEA - FOB - CHENNAI | Q59: IBKG0000216213 | R59: 46026 | S59: SENT | T59: LCPEXP2526-2525
A60: CA20 | B60: 20 | C60: PRLS/25/12222 | D60: 4702049206 | E60: WHITE/NEW CLASSIC NAVY | F60: 710982798500 | G60: ITALY | H60: 909 | I60: 893 | J60: 53 | K60: SHIPPED | L60: SEA - FOB | M60: SENT | N60: 15605004482 | O60: CDD - 11-1-2026 | P60: SEA - FOB - CHENNAI | Q60: IBKG0000216213 | R60: 46026 | S60: SENT | T60: LCPEXP2526-2525
A61: CA20 | B61: 20 | C61: PRLS/25/12330 | D61: 4702049730 | E61: WHITE/NEW CLASSIC NAVY | F61: 710982798500 | G61: ITALY | H61: 198 | I61: 198 | J61: 9 | K61: SHIPPED | L61: SEA - FOB | M61: SENT | N61: 15605004483 | O61: CDD - 11-1-2026 | P61: SEA - FOB - CHENNAI | Q61: IBKG0000216213 | R61: 46026 | S61: SENT | T61: LCPEXP2526-2525
A62: CA20 | B62: 20 | C62: PRLS/25/12330 | D62: 4702049729 | E62: WHITE/NEW CLASSIC NAVY | F62: 710982798500 | G62: ITALY | H62: 528 | I62: 528 | J62: 24 | K62: SHIPPED | L62: SEA - FOB | M62: SENT | N62: 15605004484 | O62: CDD - 11-1-2026 | P62: SEA - FOB - CHENNAI | Q62: IBKG0000216213 | R62: 46026 | S62: SENT | T62: LCPEXP2526-2525
A63: CA20 | B63: 10 | C63: PRLS/25/12331 | D63: 4702049732 | E63: 5137B PINK/WHITE | F63: 710982800500 | G63: ITALY | H63: 308 | I63: 308 | J63: 14 | K63: SHIPPED | L63: SEA - FOB | M63: SENT | N63: 15605004476 | O63: CDD - 11-1-2026 | P63: SEA - FOB - CHENNAI | Q63: IBKG0000216213 | R63: 46026 | S63: SENT | T63: LCPEXP2526-2525
A64: CA20 | B64: 10 | C64: PRLS/25/12331 | D64: 4702049731 | E64: 5137B PINK/WHITE | F64: 710982800500 | G64: ITALY | H64: 638 | I64: 638 | J64: 29 | K64: SHIPPED | L64: SEA - FOB | M64: SENT | N64: 15605004477 | O64: CDD - 11-1-2026 | P64: SEA - FOB - CHENNAI | Q64: IBKG0000216213 | R64: 46026 | S64: SENT | T64: LCPEXP2526-2525
A65: CA20 | B65: 10 | C65: PRLS/25/11032 | D65: 4702081056 | E65: 5137B PINK/WHITE | F65: 710982800500 | G65: ITALY | H65: 2800 | I65: 2509 | J65: 145 | K65: SHIPPED | L65: SEA - FOB | M65: SENT | N65: 15605004469 | O65: CDD - 11-1-2026 | P65: SEA - FOB - CHENNAI | Q65: IBKG0000216213 | R65: 46026 | S65: SENT | T65: LCPEXP2526-2525
A66: CA20 | B66: 10 | C66: PRLS/25/12202 | D66: 4702049205 | E66: 6555A ROYAL WHITE | F66: 710968971001 | G66: ITALY | H66: 698 | I66: 714 | J66: 42 | K66: SHIPPED | L66: SEA - FOB | M66: SENT | N66: 15605004486 | O66: CDD - 11-1-2026 | P66: SEA - FOB - CHENNAI | Q66: IBKG0000216213 | R66: 46026 | S66: SENT | T66: LCPEXP2526-2525
A67: CA20 | B67: 10 | C67: PRLS/25/12208 | D67: 4702053660 | E67: CARMEL PINK | F67: 710966294009 | G67: ITALY | H67: 5134 | I67: 5272 | J67: 303 | K67: SHIPPED | L67: SEA - FOB | M67: SENT | N67: 15605004473 | O67: CDD - 11-1-2026 | P67: SEA - FOB - CHENNAI | Q67: IBKG0000216213 | R67: 46026 | S67: SENT | T67: LCPEXP2526-2525
A68: CA20 | B68: 10 | C68: PRLS/25/12648 | D68: 4702054302 | E68: CARMEL PINK | F68: 710966294009 | G68: ITALY | H68: 396 | I68: 396 | J68: 18 | K68: SHIPPED | L68: SEA - FOB | M68: SENT | N68: 15605004471 | O68: CDD - 11-1-2026 | P68: SEA - FOB - CHENNAI | Q68: IBKG0000216219 | R68: 46026 | S68: SENT | T68: LCPEXP2526-2526
... A75: HD00 | B75: 10 | C75: PRLS/25/12435 | D75: 4702056500 | E75: POLO BLACK | F75: 711966293502 | G75: US | H75: 350 | I75: 351 | J75: 22 | K75: SHIPPED | L75: SEA - FOB | M75: SENT | N75: 15605004478 | O75: CDD - 11-1-2026 | P75: SEA - FOB - CHENNAI | Q75: IBKG0000216223 | R75: 46026 | S75: SENT | T75: LCPEXP2526-2527
A76: HD00 | B76: 10 | C76: PRLS/25/12143 | D76: 4702048659 | E76: FL-76 BLUE NAVY | F76: 712B16812001 | G76: US | H76: 350 | I76: 352 | J76: 21 | K76: SHIPPED | L76: SEA - FOB | M76: SENT | N76: 15605004475 | O76: CDD - 11-1-2026 | P76: SEA - FOB - CHENNAI | Q76: IBKG0000216222 | R76: 46026 | S76: SENT | T76: LCPEXP2526-2528
A77: HD00 | B77: 10 | C77: PRLS/25/10999 | D77: 4702008414 | E77: INDIGO BLUE/CREAM MULTI | F77: 782P05370001 | G77: US | H77: 162 | I77: 169 | J77: 8 | K77: SHIPPED | L77: SEA - FOB | M77: SENT | N77: 15605004488 | O77: CDD - 18-1-2026 | P77: SEA - FOB - CHENNAI | Q77: IBKG0000218607 | R77: 46030 | S77: SENT | T77: LCPEXP2526-2559
A78: LA00 | B78: 10 | C78: PRLS/25/12433 | D78: 4702055743 | E78: CARMEL PINK | F78: 710966292008ANN | G78: US | H78: 400 | I78: 400 | J78: 50 | K78: SHIPPED | L78: SEA - FOB | M78: SENT | N78: 15605004489 | O78: CDD - 18-1-2026 | P78: SEA - FOB - CHENNAI | Q78: IBKG0000218608 | R78: 46030 | S78: SENT | T78: LCPEXP2526-2560
A79: LA00 | B79: 10 | C79: PRLS/25/12433 | D79: 4702055744 | E79: CARMEL PINK | F79: 710966292008ARF | G79: US | H79: 396 | I79: 396 | J79: 66 | K79: SHIPPED | L79: SEA - FOB | M79: SENT | N79: 15605004490 | O79: CDD - 18-1-2026 | P79: SEA - FOB - CHENNAI | Q79: IBKG0000218608 | R79: 46030 | S79: SENT | T79: LCPEXP2526-2560
A80: LA00 | B80: 10 | C80: PRLS/25/12433 | D80: 4702055741 | E80: CARMEL PINK | F80: 710966292008AAA | G80: US | H80: 48 | I80: 48 | J80: 6 | K80: SHIPPED | L80: SEA - FOB | M80: SENT | N80: 15605004491 | O80: CDD - 18-1-2026 | P80: SEA - FOB - CHENNAI | Q80: IBKG0000218608 | R80: 46030 | S80: SENT | T80: LCPEXP2526-2560
A81: LA00 | B81: 10 | C81: PRLS/25/12433 | D81: 4702055742 | E81: CARMEL PINK | F81: 710966292008ANI | G81: US | H81: 888 | I81: 888 | J81: 148 | K81: SHIPPED | L81: SEA - FOB | M81: SENT | N81: 15605004492 | O81: CDD - 18-1-2026 | P81: SEA - FOB - CHENNAI | Q81: IBKG0000218608 | R81: 46030 | S81: SENT | T81: LCPEXP2526-2560
A82: LA00 | B82: 10 | C82: PRLS/25/12433 | D82: 4702055746 | E82: CARMEL PINK | F82: 710966292008CUW | G82: US | H82: 24 | I82: 24 | J82: 2 | K82: SHIPPED | L82: SEA - FOB | M82: SENT | N82: 15605004493 | O82: CDD - 18-1-2026 | P82: SEA - FOB - CHENNAI | Q82: IBKG0000218608 | R82: 46030 | S82: SENT | T82: LCPEXP2526-2560
A83: LA00 | B83: 10 | C83: PRLS/25/12433 | D83: 4702055747 | E83: CARMEL PINK | F83: 710966292008CUX | G83: US | H83: 72 | I83: 72 | J83: 6 | K83: SHIPPED | L83: SEA - FOB | M83: SENT | N83: 15605004494 | O83: CDD - 18-1-2026 | P83: SEA - FOB - CHENNAI | Q83: IBKG0000218608 | R83: 46030 | S83: SENT | T83: LCPEXP2526-2560
A84: LA00 | B84: 10 | C84: PRLS/25/12433 | D84: 4702055748 | E84: CARMEL PINK | F84: 710966292008CUY | G84: US | H84: 96 | I84: 96 | J84: 8 | K84: SHIPPED | L84: SEA - FOB | M84: SENT | N84: 15605004495 | O84: CDD - 18-1-2026 | P84: SEA - FOB - CHENNAI | Q84: IBKG0000218608 | R84: 46030 | S84: SENT | T84: LCPEXP2526-2560
A85: LA00 | B85: 10 | C85: PRLS/25/12433 | D85: 4702055750 | E85: CARMEL PINK | F85: 710966292008CVA | G85: US | H85: 36 | I85: 36 | J85: 3 | K85: SHIPPED | L85: SEA - FOB | M85: SENT | N85: 15605004496 | O85: CDD - 18-1-2026 | P85: SEA - FOB - CHENNAI | Q85: IBKG0000218608 | R85: 46030 | S85: SENT | T85: LCPEXP2526-2560
A86: LA00 | B86: 10 | C86: PRLS/25/12433 | D86: 4702055749 | E86: CARMEL PINK | F86: 710966292008CUZ | G86: US | H86: 60 | I86: 60 | J86: 5 | K86: SHIPPED | L86: SEA - FOB | M86: SENT | N86: 15605004497 | O86: CDD - 18-1-2026 | P86: SEA - FOB - CHENNAI | Q86: IBKG0000218608 | R86: 46030 | S86: SENT | T86: LCPEXP2526-2560
A87: LA00 | B87: 10 | C87: PRLS/25/12433 | D87: 4702055745 | E87: CARMEL PINK | F87: 710966292008CRV | G87: US | H87: 168 | I87: 168 | J87: 28 | K87: SHIPPED | L87: SEA - FOB | M87: SENT | N87: 15605004498 | O87: CDD - 18-1-2026 | P87: SEA - FOB - CHENNAI | Q87: IBKG0000218608 | R87: 46030 | S87: SENT | T87: LCPEXP2526-2560
... A96: PF00 | B96: 10 | C96: PRLS/25/12333 | D96: 4702049225 | E96: 6555E KEY WEST WHITE | F96: 710B22363001 | G96: US | H96: 100 | I96: 100 | J96: 7 | K96: SHIPPED TO CITY OFFICE | L96: AIR - FOB | M96: SENT | N96: 15605004467 | O96: CDD - 11-1-2026 | P96: AIR - FOB - BANGLORE | Q96: IBKG0000219578 | R96: 46031 | S96: SENT | T96: -
A97: CA10 | B97: 10 | C97: PRLS/25/12198 | D97: 4702049202 | E97: 6707A NAVY/GREEN MULTI | F97: 710965825001 | G97: ITALY | H97: 30 | I97: 30 | J97: 3 | K97: SHIPPED | L97: SEA - FOB | M97: SENT | N97: 15605004504 | O97: CDD - 18-1-2026 | P97: SEA - FOB - CHENNAI | Q97: IBKG0000218603 | R97: 46032 | S97: SENT | T97: LCPEXP2526-2620
A98: CA10 | B98: 20 | C98: PRLS/25/12199 | D98: 4702049202 | E98: 6707B RED/GREEN MULTI | F98: 710965825002 | G98: ITALY | H98: 30 | I98: 30 | J98: 3 | K98: SHIPPED | L98: SEA - FOB | M98: SENT | N98: 15605004504 | O98: CDD - 18-1-2026 | P98: SEA - FOB - CHENNAI | Q98: IBKG0000218603 | R98: 46032 | S98: SENT | T98: LCPEXP2526-2620
A99: CA10 | B99: 30 | C99: PRLS/25/12201 | D99: 4702049202 | E99: 6707C TURQUISE/RED MULTI | F99: 710965825003 | G99: ITALY | H99: 30 | I99: 30 | J99: 3 | K99: SHIPPED | L99: SEA - FOB | M99: SENT | N99: 15605004504 | O99: CDD - 18-1-2026 | P99: SEA - FOB - CHENNAI | Q99: IBKG0000218603 | R99: 46032 | S99: SENT | T99: LCPEXP2526-2620
A100: CA20 | B100: 10 | C100: PRLS/25/12198 | D100: 4702049203 | E100: 6707A NAVY/GREEN MULTI | F100: 710965825001 | G100: ITALY | H100: 950 | I100: 941 | J100: 50 | K100: SHIPPED | L100: SEA - FOB | M100: SENT | N100: 15605004507 | O100: CDD - 18-1-2026 | P100: SEA - FOB - CHENNAI | Q100: IBKG0000218604 | R100: 46032 | S100: SENT | T100: LCPEXP2526-2621
A101: CA20 | B101: 20 | C101: PRLS/25/12199 | D101: 4702049203 | E101: 6707B RED/GREEN MULTI | F101: 710965825002 | G101: ITALY | H101: 874 | I101: 882 | J101: 46 | K101: SHIPPED | L101: SEA - FOB | M101: SENT | N101: 15605004507 | O101: CDD - 18-1-2026 | P101: SEA - FOB - CHENNAI | Q101: IBKG0000218604 | R101: 46032 | S101: SENT | T101: LCPEXP2526-2621
A102: CA20 | B102: 30 | C102: PRLS/25/12201 | D102: 4702049203 | E102: 6707C TURQUISE/RED MULTI | F102: 710965825003 | G102: ITALY | H102: 650 | I102: 625 | J102: 34 | K102: SHIPPED | L102: SEA - FOB | M102: SENT | N102: 15605004507 | O102: CDD - 18-1-2026 | P102: SEA - FOB - CHENNAI | Q102: IBKG0000218604 | R102: 46032 | S102: SENT | T102: LCPEXP2526-2621
A103: DS00 | B103: 10 | C103: PRLS/25/12438 | D103: 4702064965 | E103: POLO BLACK | F103: 710966293015 | G103: RL-Mexico | H103: 954 | I103: 955 | J103: 45 | K103: SHIPPED | L103: SEA - FOB | M103: SENT | N103: 15605004512 | O103: CDD - 18-1-2026 | P103: SEA - FOB - CHENNAI | Q103: IBKG0000218861 | R103: 46032 | S103: SENT | T103: LCPEXP2526-2623
A104: CA10 | B104: 10 | C104: PRLS/25/10999 | D104: 4702008413 | E104: INDIGO BLUE/CREAM MULTI | F104: 782P05370001 | G104: ITALY | H104: 106 | I104: 106 | J104: 5 | K104: SHIPPED | L104: SEA - FOB | M104: SENT | N104: 15605004508 | O104: CDD - 18-1-2026 | P104: SEA - FOB - CHENNAI | Q104: IBKG0000218606 | R104: 46032 | S104: SENT | T104: LCPEXP2526-2624
A105: CA10 | B105: 10 | C105: PRLS/25/12436 | D105: 4702056492 | E105: POLO BLACK | F105: 710966294019 | G105: ITALY | H105: 2371 | I105: 2421 | J105: 140 | K105: SHIPPED | L105: SEA - FOB | M105: SENT | N105: 15605004513 | O105: CDD - 18-1-2026 | P105: SEA - FOB - CHENNAI | Q105: IBKG0000218606 | R105: 46032 | S105: SENT | T105: LCPEXP2526-2624
A106: NW00 | B106: 10 | C106: PRLS/25/10999 | D106: 4702008415 | E106: INDIGO BLUE/CREAM MULTI | F106: 782P05370001 | G106: US | H106: 48 | I106: 48 | J106: 3 | K106: SHIPPED | L106: SEA - FOB | M106: SENT | N106: 15605004509 | O106: CDD - 18-1-2026 | P106: SEA - FOB - CHENNAI | Q106: IBKG0000218609 | R106: 46032 | S106: SENT | T106: LCPEXP2526-2625
A107: NW00 | B107: 10 | C107: PRLS/25/10999 | D107: 4702043118 | E107: INDIGO BLUE/CREAM MULTI | F107: 782P05370001 | G107: US | H107: 3 | I107: 3 | J107: 1 | K107: SHIPPED | L107: SEA - FOB | M107: SENT | N107: 15605004510 | O107: CDD - 18-1-2026 | P107: SEA - FOB - CHENNAI | Q107: IBKG0000218609 | R107: 46032 | S107: SENT | T107: LCPEXP2526-2625
A108: NW00 | B108: 10 | C108: PRLS/25/12438 | D108: 4702056490 | E108: POLO BLACK | F108: 710966293015 | G108: US | H108: 3854 | I108: 3888 | J108: 186 | K108: SHIPPED | L108: SEA - FOB | M108: SENT | N108: 15605004514 | O108: CDD - 18-1-2026 | P108: SEA - FOB - CHENNAI | Q108: IBKG0000218609 | R108: 46032 | S108: SENT | T108: LCPEXP2526-2625
A109: NW00 | B109: 10 | C109: PRLS/25/12433,PRLS/25/10974 | D109: 4702056488 | E109: CARMEL PINK | F109: 710966292008 | G109: US | H109: 1362 | I109: 1400 | J109: 81 | K109: SHIPPED | L109: SEA - FOB | M109: SENT | N109: 15605004511 | O109: CDD - 18-1-2026 | P109: SEA - FOB - CHENNAI | Q109: IBKG0000218609 | R109: 46032 | S109: SENT | T109: LCPEXP2526-2625
A110: TO40 | B110: 10 | C110: PRLS/25/12323 | D110: 4702053674 | E110: POLO BLACK | F110: 710967894500 | G110: CANADA | H110: 180 | I110: 180 | J110: 9 | K110: SHIPPED | L110: SEA - FOB | M110: SENT | N110: 15605004505 | O110: CDD - 18-1-2026 | P110: SEA - FOB - CHENNAI | Q110: IBKG0000218615 | R110: 46032 | S110: SENT | T110: LCPEXP2526-2622
A111: TO40 | B111: 20 | C111: PRLS/25/12212 | D111: 4702053662 | E111: POLO BLACK | F111: 710967632010 | G111: CANADA | H111: 608 | I111: 608 | J111: 35 | K111: SHIPPED | L111: SEA - FOB | M111: SENT | N111: 15605004506 | O111: CDD - 18-1-2026 | P111: SEA - FOB - CHENNAI | Q111: IBKG0000218615 | R111: 46032 | S111: SENT | T111: LCPEXP2526-2622
A112: PF00 | B112: 10 | C112: PRLS/25/12323 | D112: 4702053673 | E112: POLO BLACK | F112: 710967894500 | G112: US | H112: 2820 | I112: 2881 | J112: 136 | K112: SHIPPED | L112: SEA - FOB | M112: SENT | N112: 15605004515 | O112: CDD - 18-1-2026 | P112: SEA - FOB - CHENNAI | Q112: IBKG0000218611 | R112: 46034 | S112: SENT | T112: LCPEXP2526-2627
A113: PF00 | B113: 20 | C113: PRLS/25/12212 | D113: 4702053661 | E113: POLO BLACK | F113: 710967632010 | G113: US | H113: 6992 | I113: 7096 | J113: 408 | K113: SHIPPED | L113: SEA - FOB | M113: SENT | N113: 15605004516 | O113: CDD - 18-1-2026 | P113: SEA - FOB - CHENNAI | Q113: IBKG0000218611 | R113: 46034 | S113: SENT | T113: LCPEXP2526-2627
A114: CA10 | B114: 10 | C114: PRLS/25/12444 | D114: 4702056498 | E114: AUSTIN BLUE | F114: 710968915504 | G114: ITALY | H114: 1000 | I114: 1015 | J114: 59 | K114: SHIPPED | L114: SEA - FOB | M114: SENT | N114: 15605004539 | O114: CDD - 26-1-2026 | P114: SEA - FOB - CHENNAI | Q114: IBKG0000220557 | R114: 46039 | S114: SENT | T114: LCPEXP2526-2737
A115: CA10 | B115: 10 | C115: PRLS/25/12446 | D115: 4702056499 | E115: AUSTIN BLUE | F115: 711966292505 | G115: ITALY | H115: 400 | I115: 400 | J115: 28 | K115: SHIPPED | L115: SEA - FOB | M115: SENT | N115: 15605004524 | O115: CDD - 26-1-2026 | P115: SEA - FOB - CHENNAI | Q115: IBKG0000220557 | R115: 46039 | S115: SENT | T115: LCPEXP2526-2737
...

Sheet CDD - 15.02.2026 -SHIPPED
H2: =NOW()-TRUNC(NOW()) -> 0.61871759 | I2: G Total
E3: SEA - FOB - CHENNAI | F3: TRUCKOUT ON - 05.02.2026 | Z3: MAIL
B4: F Line | C4: PLANT CODE | D4: LINE NO | E4: CON | F4: DESTINATION | G4: PO NO | H4: COLOR | I4: MATERIAL NO | J4: QTY | K4: CUT QTY | L4: Send to Wash / Dye | M4: Balance to Send | N4: Wash / Dye Received | O4: Balance to receive | P4: PACK/SHIP QTY | Q4: CTNS | R4: STATUS | S4: FI to be done by | T4: ASN | U4: WEIGHT | V4: WFX | W4: QC | X4: BOOKING NO | Y4: DO
C5: HD00 | D5: 10 | E5: PRLS/25/12340 | F5: USA | G5: 4702051420 | H5: WHITE | I5: 712917324001 | J5: 500 | P5: 490 | Q5: 28 | R5: Shipped | S5: FQA -6-2-2026 | T5: SENT | U5: DONE | V5: DONE | W5: DONE | X5: IBKG0000232156 | Z5: SHORT SHIPMENT
C6: HD00 | D6: 10 | E6: PRLS/25/12721 | F6: USA | G6: 4702058547 | H6: WHITE | I6: 712925893001 | J6: 700 | P6: 704 | Q6: 41 | R6: Shipped | T6: SENT | U6: DONE | V6: DONE | W6: DONE
C7: HD00 | D7: 10 | E7: PRLS/25/12744 | F7: USA | G7: 4702058548 | H7: 6771B CARMEL PINK/WHITE | I7: 712P07326001 | J7: 550 | P7: 557 | Q7: 32 | R7: Shipped | T7: SENT | U7: DONE | V7: DONE | W7: DONE
C8: HD00 | D8: 20 | E8: PRLS/25/12743 | F8: USA | G8: 4702068713 | H8: 6671H COASTAL BEIGE/WHITE | I8: 711B18632003 | J8: 300 | P8: 300 | Q8: 20 | R8: Shipped | T8: SENT | U8: DONE | V8: DONE | W8: DONE
F9: TOTAL | J9: =SUM(J5:J8) -> 2050 | K9: =SUM(K5:K8) -> 0 | L9: =SUM(L5:L8) -> 0 | M9: =SUM(M5:M8) -> 0 | N9: =SUM(N5:N8) -> 0 | O9: =SUM(O5:O8) -> 0 | P9: =SUM(P5:P8) -> 2051 | Q9: =SUM(Q5:Q8) -> 121
C11: CA10 | D11: 10 | E11: PRLS/25/12733 | F11: ITALY | G11: 4702068711 | H11: 6671H COASTAL BEIGE/WHITE | I11: 710B22588001 | J11: 2100 | P11: 2157 | Q11: 125 | R11: Shipped | S11: FQA -6-2-2026 | T11: SENT | U11: DONE | V11: DONE | W11: DONE | X11: IBKG0000232166
F12: TOTAL | J12: =SUM(J11:J11) -> 2100 | K12: =SUM(K11:K11) -> 0 | L12: =SUM(L11:L11) -> 0 | M12: =SUM(M11:M11) -> 0 | N12: =SUM(N11:N11) -> 0 | O12: =SUM(O11:O11) -> 0 | P12: =SUM(P11:P11) -> 2157 | Q12: =SUM(Q11:Q11) -> 125
H14: GRAND TOTAL | J14: =+J9+J12 -> 4150 | K14: =+K9+K12 -> 0 | L14: =+L9+L12 -> 0 | M14: =+M9+M12 -> 0 | N14: =+N9+N12 -> 0 | O14: =+O9+O12 -> 0 | P14: =+P9+P12 -> 4208 | Q14: =+Q9+Q12 -> 246

Sheet CDD - 22.02.2026- SHIPPED
E3: SEA FOB -CHENNAI | F3: TRUCKOUT ON - 12.02.2026
B4: F Line | C4: PLANT CODE | D4: LINE NO | E4: CON | F4: DESTINATION | G4: PO NO | H4: COLOR | I4: MATERIAL NO | J4: QTY | K4: CUT QTY | L4: Send to Wash / Dye | M4: Balance to Send | N4: Wash / Dye Received | O4: Balance to receive | P4: PACK/SHIP QTY | Q4: CTNS | R4: STATUS | S4: FI to be done by | T4: ASN | U4: WEIGHT | V4: WFX | W4: QC | X4: BOOKING NO | Y4: DO | Z4: Ship Percentage
C5: V994 | D5: 10 | E5: PRLS/25/12728 | F5: JAPAN | G5: 4702068710 | H5: 6671A CABANA BLUE/WHITE | I5: 710B18632001 | J5: 1000 | P5: 1028 | Q5: 58 | R5: SHIPPED | S5: FQA | T5: DONE | U5: DONE | V5: DONE | W5: DONE | X5: IBKG0000234826 | Z5: =+P5/J5 -> 1.028
C6: V994 | D6: 20 | E6: PRLS/25/12730 | F6: JAPAN | G6: 4702068710 | H6: 6671I POWDER PURPLE/WHITE | I6: 710B18632002 | J6: 600 | P6: 615 | Q6: 36 | R6: SHIPPED | S6: FQA | T6: DONE | U6: DONE | V6: DONE | W6: DONE | Z6: =+P6/J6 -> 1.025
F7: TOTAL | J7: =SUM(J5:J6) -> 1600 | K7: =SUM(K5:K6) -> 0 | L7: =SUM(L5:L6) -> 0 | M7: =SUM(M5:M6) -> 0 | N7: =SUM(N5:N6) -> 0 | O7: =SUM(O5:O6) -> 0 | P7: =SUM(P5:P6) -> 1643 | Q7: =SUM(Q5:Q6) -> 94
C9: HD00 | D9: 30 | E9: PRLS/25/12731 | F9: USA | G9: 4702068706 | H9: 6671H COASTAL BEIGE/WHITE | I9: 710B18632003 | J9: 750 | P9: 770 | Q9: 45 | R9: SHIPPED | S9: VQA | T9: DONE | U9: DONE | V9: DONE | W9: DONE | X9: IBKG0000234835 | Z9: =+P9/J9 -> 1.0266667
C10: HD00 | D10: 10 | E10: PRLS/25/12728 | F10: USA | G10: 4702068706 | H10: 6671A CABANA BLUE/WHITE | I10: 710B18632001 | J10: 750 | P10: 770 | Q10: 45 | R10: SHIPPED | S10: VQA | T10: DONE | U10: DONE | V10: DONE | W10: DONE | Z10: =+P10/J10 -> 1.0266667
C11: HD00 | D11: 20 | E11: PRLS/25/12730 | F11: USA | G11: 4702068706 | H11: 6671I POWDER PURPLE/WHITE | I11: 710B18632002 | J11: 650 | P11: 666 | Q11: 39 | R11: SHIPPED | S11: VQA | T11: DONE | U11: DONE | V11: DONE | W11: DONE | Z11: =+P11/J11 -> 1.0246154
F12: TOTAL | J12: =SUM(J9:J11) -> 2150 | K12: =SUM(K9:K11) -> 0 | L12: =SUM(L9:L11) -> 0 | M12: =SUM(M9:M11) -> 0 | N12: =SUM(N9:N11) -> 0 | O12: =SUM(O9:O11) -> 0 | P12: =SUM(P9:P11) -> 2206 | Q12: =SUM(Q9:Q11) -> 129
H14: GRAND TOTAL | J14: =+J7+J12 -> 3750 | K14: =+K7+K12 -> 0 | L14: =+L7+L12 -> 0 | M14: =+M7+M12 -> 0 | N14: =+N7+N12 -> 0 | O14: =+O7+O12 -> 0 | P14: =+P7+P12 -> 3849 | Q14: =+Q7+Q12 -> 223

Sheet CDD - 01.03.2026 - old
B3: SEA FOB | D3: TRUCKOUT ON - 18.02.2026 | X3: 46082 | Y3: 46061
B4: F Line | C4: PLANT CODE | D4: LINE NO | E4: CON | F4: DESTINATION | G4: PO NO | H4: COLOR | I4: MATERIAL NO | J4: QTY | K4: CUT QTY | L4: Send to Wash / Dye | M4: Balance to Send | N4: Wash / Dye Received | O4: Balance to receive | P4: PACK/SHIP QTY | Q4: CTNS | R4: STATUS | S4: FI to be done by | T4: ASN | U4: WEIGHT | V4: WFX | W4: QC | X4: BOOKING NO | Y4: DO | Z4: Ship Percentage
C5: V992 | D5: 10 | E5: PRLS/25/12728 | F5: HK | G5: 4702068707 | H5: 6671A CABANA BLUE/WHITE | I5: 710B18632001 | J5: 1012 | P5: 1034 | Q5: 59 | R5: Ready to ship | T5: DONE | U5: DONE | V5: DONE | W5: DONE | X5: IBKG0000238230
C6: V992 | D6: 20 | E6: PRLS/25/12730 | F6: HK | G6: 4702068707 | H6: 6671I POWDER PURPLE/WHITE | I6: 710B18632002 | J6: 568 | P6: 583 | Q6: 34 | R6: Ready to ship | T6: DONE | U6: DONE | V6: DONE | W6: DONE
C7: V992 | D7: 10 | E7: PRLS/25/12728 | F7: HK | G7: 4702068708 | H7: 6671A CABANA BLUE/WHITE | I7: 710B18632001 | J7: 925 | P7: 951 | Q7: 55 | R7: Ready to ship | T7: DONE | U7: DONE | V7: DONE | W7: DONE
C8: V992 | D8: 20 | E8: PRLS/25/12730 | F8: HK | G8: 4702068708 | H8: 6671I POWDER PURPLE/WHITE | I8: 710B18632002 | J8: 645 | P8: 657 | Q8: 39 | R8: Ready to ship | T8: DONE | U8: DONE | V8: DONE | W8: DONE
F9: TOTAL | J9: =SUM(J5:J8) -> 3150 | K9: =SUM(K5:K8) -> 0 | L9: =SUM(L5:L8) -> 0 | M9: =SUM(M5:M8) -> 0 | N9: =SUM(N5:N8) -> 0 | O9: =SUM(O5:O8) -> 0 | P9: =SUM(P5:P8) -> 3225 | Q9: =SUM(Q5:Q8) -> 187
C11: V993 | D11: 10 | E11: PRLS/25/12728 | F11: KOREA | G11: 4702068709 | H11: 6671A CABANA BLUE/WHITE | I11: 710B18632001 | J11: 1200 | P11: 1233 | Q11: 70 | R11: Ready to ship | T11: DONE | U11: DONE | V11: DONE | W11: DONE | X11: IBKG0000238233
C12: V993 | D12: 20 | E12: PRLS/25/12730 | F12: KOREA | G12: 4702068709 | H12: 6671I POWDER PURPLE/WHITE | I12: 710B18632002 | J12: 500 | P12: 513 | Q12: 30 | R12: Ready to ship | T12: DONE | U12: DONE | V12: DONE | W12: DONE
C13: V993 | D13: 30 | E13: PRLS/25/12731 | F13: KOREA | G13: 4702068709 | H13: 6671H COASTAL BEIGE/WHITE | I13: 710B18632003 | J13: 800 | P13: 819 | Q13: 47 | R13: Ready to ship | T13: DONE | U13: DONE | V13: DONE | W13: DONE
F14: TOTAL | J14: =SUM(J11:J13) -> 2500 | K14: =SUM(K11:K13) -> 0 | L14: =SUM(L11:L13) -> 0 | M14: =SUM(M11:M13) -> 0 | N14: =SUM(N11:N13) -> 0 | O14: =SUM(O11:O13) -> 0 | P14: =SUM(P11:P13) -> 2565 | Q14: =SUM(Q11:Q13) -> 147
C16: CA10 | D16: 20 | E16: PRLS/25/12735 | F16: ITALY | G16: 4702068711 | H16: 6671A CABANA BLUE/WHITE | I16: 710B22588002 | J16: 2600 | P16: 2672 | Q16: 156 | R16: Ready to ship | T16: DONE | U16: DONE | V16: DONE | X16: IBKG0000238235
F17: TOTAL | J17: =SUM(J16) -> 2600 | K17: =SUM(K16) -> 0 | L17: =SUM(L16) -> 0 | M17: =SUM(M16) -> 0 | N17: =SUM(N16) -> 0 | O17: =SUM(O16) -> 0 | P17: =SUM(P16) -> 2672 | Q17: =SUM(Q16) -> 156
C19: HD00 | D19: 10 | E19: PRLS/25/12742 | F19: US | G19: 4702068713 | H19: 6671A CABANA BLUE/WHITE | I19: 711B18632001 | J19: 300 | P19: 300 | Q19: 19 | R19: Ready to ship | T19: DONE | U19: DONE | V19: DONE | W19: DONE | X19: IBKG0000240190
F20: TOTAL | J20: =SUM(J19) -> 300 | K20: =SUM(K19) -> 0 | L20: =SUM(L19) -> 0 | M20: =SUM(M19) -> 0 | N20: =SUM(N19) -> 0 | O20: =SUM(O19) -> 0 | P20: =SUM(P19) -> 300 | Q20: =SUM(Q19) -> 19
C22: HD00 | D22: 10 | E22: PRLS/25/12829 | F22: US | G22: 4702077438 | H22: 5089E LAVENDER PURPLE WHITE | I22: 712936018500 | J22: 300 | P22: 126 | Q22: 7 | R22: Under Scaning | X22: IBKG0000238237
C23: HD00 | D23: 20 | E23: PRLS/25/12830 | F23: US | G23: 4702077438 | H23: 5089F COASTAL BEIGE WHITE | I23: 712936018501 | J23: 300 | R23: Under finishing
C24: HD00 | D24: 30 | E24: PRLS/25/12831 | F24: US | G24: 4702077438 | H24: 5089D HRBR ISLND BLUE WHT | I24: 712936018502 | J24: 300 | P24: 126 | Q24: 7 | R24: Under Scaning
C25: HD00 | D25: 10 | E25: PRLS/25/12832 | F25: US | G25: 4702077439 | H25: 7316 WHITE BLUE | I25: 712B22550001 | J25: 300 | P25: 300 | Q25: 20 | R25: Under FI
F26: TOTAL | J26: =SUM(J22:J25) -> 1200 | K26: =SUM(K22:K25) -> 0 | L26: =SUM(L22:L25) -> 0 | M26: =SUM(M22:M25) -> 0 | N26: =SUM(N22:N25) -> 0 | O26: =SUM(O22:O25) -> 0 | P26: =SUM(P22:P25) -> 552 | Q26: =SUM(Q22:Q25) -> 34
H28: GRAND TOTAL | J28: =SUBTOTAL(9,J5:J8,J11:J13,J16,J19,J22:J25) -> 9750 | K28: =SUBTOTAL(9,K5:K8,K11:K13,K16,K19,K22:K25) -> 0 | L28: =SUBTOTAL(9,L5:L8,L11:L13,L16,L19,L22:L25) -> 0 | M28: =SUBTOTAL(9,M5:M8,M11:M13,M16,M19,M22:M25) -> 0 | N28: =SUBTOTAL(9,N5:N8,N11:N13,N16,N19,N22:N25) -> 0 | O28: =SUBTOTAL(9,O5:O8,O11:O13,O16,O19,O22:O25) -> 0 | P28: =SUBTOTAL(9,P5:P8,P11:P13,P16,P19,P22:P25) -> 9314 | Q28: =SUBTOTAL(9,Q5:Q8,Q11:Q13,Q16,Q19,Q22:Q25) -> 543

Sheet CDD - 01.03.2026 - SHIPPED
B2: SHIPMENT BOOKING
B3: SEA FOB | Truckout Date: 18.02.2026 | CDD: 01.03.2026
B5: F Line | C5: PLANT CODE | D5: LINE NO | E5: CON | F5: DESTINATION | G5: PO NO | H5: COLOR | I5: MATERIAL NO | J5: QTY | K5: CUT QTY | L5: Send to Wash / Dye | M5: Balance to Send | N5: Wash / Dye Received | O5: Balance to receive | P5: PACK/SHIP QTY | Q5: CTNS | R5: STATUS | S5: FI to be done by | T5: ASN | U5: WEIGHT | V5: WFX | W5: QC | X5: BOOKING NO | Y5: DO | Z5: Ship Percentage
C6: V992 | D6: 10 | E6: PRLS/25/12728 | F6: HK | G6: 4702068707 | H6: 6671A CABANA BLUE/WHITE | I6: 710B18632001 | J6: 1012 | P6: 1034 | Q6: 59 | R6: SHIPPED | T6: SENT | U6: DONE | V6: DONE | W6: DONE | X6: IBKG0000238230 | Z6: =+P6/J6 -> 1.0217391
C7: V992 | D7: 20 | E7: PRLS/25/12730 | F7: HK | G7: 4702068707 | H7: 6671I POWDER PURPLE/WHITE | I7: 710B18632002 | J7: 568 | P7: 583 | Q7: 34 | R7: SHIPPED | T7: SENT | U7: DONE | V7: DONE | W7: DONE | Z7: =+P7/J7 -> 1.0264085
C8: V992 | D8: 10 | E8: PRLS/25/12728 | F8: HK | G8: 4702068708 | H8: 6671A CABANA BLUE/WHITE | I8: 710B18632001 | J8: 925 | P8: 951 | Q8: 55 | R8: SHIPPED | T8: SENT | U8: DONE | V8: DONE | W8: DONE | Z8: =+P8/J8 -> 1.0281081
C9: V992 | D9: 20 | E9: PRLS/25/12730 | F9: HK | G9: 4702068708 | H9: 6671I POWDER PURPLE/WHITE | I9: 710B18632002 | J9: 645 | P9: 657 | Q9: 39 | R9: SHIPPED | T9: SENT | U9: DONE | V9: DONE | W9: DONE | Z9: =+P9/J9 -> 1.0186047
E10: SUBTOTAL | J10: =SUM(J6:J9) -> 3150 | K10: =SUM(K6:K9) -> 0 | L10: =SUM(L6:L9) -> 0 | M10: =SUM(M6:M9) -> 0 | N10: =SUM(N6:N9) -> 0 | O10: =SUM(O6:O9) -> 0 | P10: =SUM(P6:P9) -> 3225 | Q10: =SUM(Q6:Q9) -> 187
C12: V993 | D12: 10 | E12: PRLS/25/12728 | F12: KOREA | G12: 4702068709 | H12: 6671A CABANA BLUE/WHITE | I12: 710B18632001 | J12: 1200 | P12: 1233 | Q12: 70 | R12: SHIPPED | T12: SENT | U12: DONE | V12: DONE | W12: DONE | X12: IBKG0000238233 | Z12: =+P12/J12 -> 1.0275
C13: V993 | D13: 20 | E13: PRLS/25/12730 | F13: KOREA | G13: 4702068709 | H13: 6671I POWDER PURPLE/WHITE | I13: 710B18632002 | J13: 500 | P13: 513 | Q13: 30 | R13: SHIPPED | T13: SENT | U13: DONE | V13: DONE | W13: DONE | Z13: =+P13/J13 -> 1.026
C14: V993 | D14: 30 | E14: PRLS/25/12731 | F14: KOREA | G14: 4702068709 | H14: 6671H COASTAL BEIGE/WHITE | I14: 710B18632003 | J14: 800 | P14: 819 | Q14: 47 | R14: SHIPPED | T14: SENT | U14: DONE | V14: DONE | W14: DONE | Z14: =+P14/J14 -> 1.02375
E15: SUBTOTAL | J15: =SUM(J12:J14) -> 2500 | K15: =SUM(K12:K14) -> 0 | L15: =SUM(L12:L14) -> 0 | M15: =SUM(M12:M14) -> 0 | N15: =SUM(N12:N14) -> 0 | O15: =SUM(O12:O14) -> 0 | P15: =SUM(P12:P14) -> 2565 | Q15: =SUM(Q12:Q14) -> 147
C17: HD00 | D17: 10 | E17: PRLS/25/12742 | F17: US | G17: 4702068713 | H17: 6671A CABANA BLUE/WHITE | I17: 711B18632001 | J17: 300 | P17: 300 | Q17: 19 | R17: SHIPPED | T17: SENT | U17: DONE | V17: DONE | W17: DONE | X17: IBKG0000240190 | Z17: =+P17/J17 -> 1
E18: SUBTOTAL | J18: =SUM(J17) -> 300 | K18: =SUM(K17) -> 0 | L18: =SUM(L17) -> 0 | M18: =SUM(M17) -> 0 | N18: =SUM(N17) -> 0 | O18: =SUM(O17) -> 0 | P18: =SUM(P17) -> 300 | Q18: =SUM(Q17) -> 19
C20: CA10 | D20: 20 | E20: PRLS/25/12735 | F20: ITALY | G20: 4702068711 | H20: 6671A CABANA BLUE/WHITE | I20: 710B22588002 | J20: 2600 | P20: 2672 | Q20: 156 | R20: SHIPPED | T20: SENT | U20: DONE | V20: DONE | W20: DONE | X20: IBKG0000238235 | Z20: =+P20/J20 -> 1.0276923
E21: SUBTOTAL | J21: =SUM(J20) -> 2600 | K21: =SUM(K20) -> 0 | L21: =SUM(L20) -> 0 | M21: =SUM(M20) -> 0 | N21: =SUM(N20) -> 0 | O21: =SUM(O20) -> 0 | P21: =SUM(P20) -> 2672 | Q21: =SUM(Q20) -> 156
C23: HD00 | D23: 10 | E23: PRLS/25/12829 | F23: US | G23: 4702077438 | H23: 5089E LAVENDER PURPLE WHITE | I23: 712936018500 | J23: 300 | P23: 295 | Q23: 20 | R23: SHIPPED | T23: DONE | U23: DONE | V23: DONE | W23: DONE | X23: IBKG0000238237 | Z23: =+P23/J23 -> 0.98333333
C24: HD00 | D24: 20 | E24: PRLS/25/12830 | F24: US | G24: 4702077438 | H24: 5089F COASTAL BEIGE WHITE | I24: 712936018501 | J24: 300 | P24: 276 | Q24: 17 | R24: SHIPPED | T24: DONE | U24: DONE | V24: DONE | W24: DONE | Z24: =+P24/J24 -> 0.92
C25: HD00 | D25: 30 | E25: PRLS/25/12831 | F25: US | G25: 4702077438 | H25: 5089D HRBR ISLND BLUE WHT | I25: 712936018502 | J25: 300 | P25: 270 | Q25: 18 | R25: SHIPPED | T25: DONE | U25: DONE | V25: DONE | W25: DONE | Z25: =+P25/J25 -> 0.9
C26: HD00 | D26: 10 | E26: PRLS/25/12832 | F26: US | G26: 4702077439 | H26: 7316 WHITE BLUE | I26: 712B22550001 | J26: 300 | P26: 300 | Q26: 20 | R26: SHIPPED | T26: DONE | U26: DONE | V26: DONE | W26: DONE | Z26: =+P26/J26 -> 1
E27: SUBTOTAL | J27: =SUM(J23:J26) -> 1200 | K27: =SUM(K23:K26) -> 0 | L27: =SUM(L23:L26) -> 0 | M27: =SUM(M23:M26) -> 0 | N27: =SUM(N23:N26) -> 0 | O27: =SUM(O23:O26) -> 0 | P27: =SUM(P23:P26) -> 1141 | Q27: =SUM(Q23:Q26) -> 75 | Z27: =+P27/J27 -> 0.95083333
H29: GRAND TOTAL | J29: =SUBTOTAL(9,J6:J9,J12:J14,J20,J17,J23:J26) -> 9750 | K29: =SUBTOTAL(9,K6:K9,K12:K14,K20,K17,K23:K26) -> 0 | L29: =SUBTOTAL(9,L6:L9,L12:L14,L20,L17,L23:L26) -> 0 | M29: =SUBTOTAL(9,M6:M9,M12:M14,M20,M17,M23:M26) -> 0 | N29: =SUBTOTAL(9,N6:N9,N12:N14,N20,N17,N23:N26) -> 0 | O29: =SUBTOTAL(9,O6:O9,O12:O14,O20,O17,O23:O26) -> 0 | P29: =SUBTOTAL(9,P6:P9,P12:P14,P20,P17,P23:P26) -> 9903 | Q29: =SUBTOTAL(9,Q6:Q9,Q12:Q14,Q20,Q17,Q23:Q26) -> 584

Sheet CDD-08.03.2026-SHIPPED
B3: SHIPMENT BOOKING
B4: SEA FOB | Truckout Date: 26.02.2026 | CDD - 08.03.2026
B6: F Line | C6: PLANT CODE | D6: LINE NO | E6: CON | F6: DESTINATION | G6: PO NO | H6: COLOR | I6: MATERIAL NO | J6: QTY | K6: CUT QTY | L6: Send to Wash / Dye | M6: Balance to Send | N6: Wash / Dye Received | O6: Balance to receive | P6: PACK/SHIP QTY | Q6: CTNS | R6: STATUS | S6: FI to be done by | T6: ASN | U6: WEIGHT | V6: WFX | W6: QC | X6: BOOKING NO | Y6: DO | Z6: Ship Percentage
C7: TO17 | D7: 10 | E7: PRLS/25/12722 | F7: CANADA | G7: 4702067317 | H7: 7258 NAVY WHITE | I7: 710B18131001 | J7: 12 | P7: 12 | Q7: 1 | R7: SHIPPED | U7: DONE | V7: DONE | X7: IBKG0000241485 | Y7: WFX GDN COMPLETE | Z7: =+P7/J7 -> 1
E8: SUBTOTAL | J8: =SUM(J7) -> 12 | K8: =SUM(K7) -> 0 | L8: =SUM(L7) -> 0 | M8: =SUM(M7) -> 0 | N8: =SUM(N7) -> 0 | O8: =SUM(O7) -> 0 | P8: =SUM(P7) -> 12 | Q8: =SUM(Q7) -> 1
C10: CA10 | D10: 10 | E10: PRLS/25/12723 | F10: ITALY | G10: 4702067323 | H10: 7312 NAVY MULTI | I10: 710B18274001 | J10: 801 | P10: 801 | Q10: 20 | R10: SHIPPED | T10: SENT | U10: DONE | V10: DONE | W10: DONE | X10: IBKG0000238247 | Y10: WFX ASN PENDING | Z10: =+P10/J10 -> 1
C11: CA10 | D11: 10 | E11: PRLS/25/12732 | F11: ITALY | G11: 4702067332 | H11: 6671H COASTAL BEIGE/WHITE | I11: 710B22588001 | J11: 1409 | P11: 1445 | Q11: 84 | R11: SHIPPED | T11: SENT | U11: DONE | V11: DONE | W11: DONE | Y11: WFX ASN PENDING | Z11: =+P11/J11 -> 1.02555
C12: CA10 | D12: 20 | E12: PRLS/25/12734 | F12: ITALY | G12: 4702067332 | H12: 6671A CABANA BLUE/WHITE | I12: 710B22588002 | J12: 1843 | P12: 1896 | Q12: 110 | R12: SHIPPED | T12: SENT | U12: DONE | V12: DONE | W12: DONE | Y12: WFX ASN PENDING | Z12: =+P12/J12 -> 1.0287575
C13: CA10 | D13: 30 | E13: PRLS/25/12736 | F13: ITALY | G13: 4702067332 | H13: 6671I POWDER PURPLE/WHITE | I13: 710B22588003 | J13: 785 | P13: 805 | Q13: 47 | R13: SHIPPED | T13: SENT | U13: DONE | V13: DONE | W13: DONE | Y13: WFX ASN PENDING | Z13: =+P13/J13 -> 1.0254777
C14: CA10 | D14: 10 | E14: PRLS/25/12738 | F14: ITALY | G14: 4702067335 | H14: 6555H COASTAL BEIGE/WHITE | I14: 710B22589001 | J14: 300 | P14: 300 | Q14: 18 | R14: SHIPPED | T14: SENT | U14: DONE | V14: DONE | W14: DONE | Y14: WFX ASN PENDING | Z14: =+P14/J14 -> 1
C15: CA10 | D15: 20 | E15: PRLS/25/12740 | F15: ITALY | G15: 4702067335 | H15: 6555B CABANA BLUE/WHITE | I15: 710B22589002 | J15: 265 | P15: 265 | Q15: 16 | R15: SHIPPED | T15: SENT | U15: DONE | V15: DONE | W15: DONE | Y15: WFX ASN PENDING | Z15: =+P15/J15 -> 1
E16: SUBTOTAL | J16: =SUM(J10:J15) -> 5403 | K16: =SUM(K10:K15) -> 0 | L16: =SUM(L10:L15) -> 0 | M16: =SUM(M10:M15) -> 0 | N16: =SUM(N10:N15) -> 0 | O16: =SUM(O10:O15) -> 0 | P16: =SUM(P10:P15) -> 5512 | Q16: =SUM(Q10:Q15) -> 295
B18: 1st floor | C18: DS00 | D18: 10 | E18: PRLS/25/12888 | F18: RL-Mexico | G18: 4702090846 | H18: 7289A HRBR ISLND BLUE WHT MLTI | I18: 710P03855501 | J18: 740 | P18: 759 | Q18: 44 | R18: SHIPPED | T18: SENT | U18: DONE | V18: DONE | W18: DONE | X18: IBKG0000238252 | Y18: WFX ASN PENDING | Z18: =+P18/J18 -> 1.0256757
C19: DS00 | D19: 20 | E19: PRLS/25/12889 | F19: RL-Mexico | G19: 4702090846 | H19: 7289D COASTAL BEIGE WHT MULTI | I19: 710P03855502 | J19: 286 | P19: 286 | Q19: 18 | R19: SHIPPED | T19: SENT | U19: DONE | V19: DONE | W19: DONE | Y19: WFX ASN PENDING | Z19: =+P19/J19 -> 1
C20: DS00 | D20: 30 | E20: PRLS/25/12890 | F20: RL-Mexico | G20: 4702090846 | H20: 7289C PWDR PURPLE WHITE MULTI | I20: 710P03855503 | J20: 346 | P20: 354 | Q20: 21 | R20: SHIPPED | T20: SENT | U20: DONE | V20: DONE | W20: DONE | Y20: WFX ASN PENDING | Z20: =+P20/J20 -> 1.0231214
C21: DS00 | D21: 40 | E21: PRLS/25/12891 | F21: RL-Mexico | G21: 4702090846 | H21: 7289B FADED MINT WHITE MULTI | I21: 710P03855504 | J21: 740 | P21: 760 | Q21: 44 | R21: SHIPPED | T21: SENT | U21: DONE | V21: DONE | W21: DONE | Y21: WFX ASN PENDING | Z21: =+P21/J21 -> 1.027027
C22: DS00 | D22: 10 | E22: PRLS/25/12892 | F22: RL-Mexico | G22: 4702090847 | H22: 7289D COASTAL BEIGE WHT MULTI | I22: 711P03855504 | J22: 76 | P22: 76 | Q22: 6 | R22: SHIPPED | T22: SENT | U22: DONE | V22: DONE | W22: DONE | Y22: WFX ASN PENDING | Z22: =+P22/J22 -> 1
C23: DS00 | D23: 20 | E23: PRLS/25/12893 | F23: RL-Mexico | G23: 4702090847 | H23: 7289A HRBR ISLND BLUE WHT MLTI | I23: 711P03855505 | J23: 90 | P23: 90 | Q23: 7 | R23: SHIPPED | T23: SENT | U23: DONE | V23: DONE | W23: DONE | Y23: WFX ASN PENDING | Z23: =+P23/J23 -> 1
E24: SUBTOTAL | J24: =SUM(J18:J23) -> 2278 | K24: =SUM(K18:K23) -> 0 | L24: =SUM(L18:L23) -> 0 | M24: =SUM(M18:M23) -> 0 | N24: =SUM(N18:N23) -> 0 | O24: =SUM(O18:O23) -> 0 | P24: =SUM(P18:P23) -> 2325 | Q24: =SUM(Q18:Q23) -> 140
C26: CA10 | D26: 10 | E26: PRLS/25/12722 | F26: ITALY | G26: 4702067314 | H26: 7258 NAVY WHITE | I26: 710B18131001 | J26: 814 | P26: 828 | Q26: 21 | R26: SHIPPED | U26: DONE | V26: DONE | X26: IBKG0000243002 | Y26: WFX GDN COMPLETE | Z26: =+P26/J26 -> 1.017199
E27: SUBTOTAL | J27: =SUM(J26) -> 814 | K27: =SUM(K26) -> 0 | L27: =SUM(L26) -> 0 | M27: =SUM(M26) -> 0 | N27: =SUM(N26) -> 0 | O27: =SUM(O26) -> 0 | P27: =SUM(P26) -> 828 | Q27: =SUM(Q26) -> 21
C29: HD00 | D29: 10 | E29: PRLS/25/12722 | F29: US | G29: 4702067315 | H29: 7258 NAVY WHITE | I29: 710B18131001 | J29: 650 | P29: 658 | Q29: 17 | R29: SHIPPED | U29: DONE | V29: DONE | X29: IBKG0000238254 | Y29: WFX GDN COMPLETE | Z29: =+P29/J29 -> 1.0123077
E30: SUBTOTAL | J30: =SUM(J29) -> 650 | K30: =SUM(K29) -> 0 | L30: =SUM(L29) -> 0 | M30: =SUM(M29) -> 0 | N30: =SUM(N29) -> 0 | O30: =SUM(O29) -> 0 | P30: =SUM(P29) -> 658 | Q30: =SUM(Q29) -> 17
C32: NW00 | D32: 10 | E32: PRLS/25/12722 | F32: US | G32: 4702067316 | H32: 7258 NAVY WHITE | I32: 710B18131001 | J32: 562 | P32: 567 | Q32: 14 | R32: SHIPPED | U32: DONE | X32: IBKG0000243003 | Y32: WFX GDN COMPLETE | Z32: =+P32/J32 -> 1.0088968
E33: SUBTOTAL | J33: =SUM(J32) -> 562 | K33: =SUM(K32) -> 0 | L33: =SUM(L32) -> 0 | M33: =SUM(M32) -> 0 | N33: =SUM(N32) -> 0 | O33: =SUM(O32) -> 0 | P33: =SUM(P32) -> 567 | Q33: =SUM(Q32) -> 14
B35: F Line | C35: PLANT CODE | D35: LINE NO | E35: CON | F35: DESTINATION | G35: PO NO | H35: COLOR | I35: MATERIAL NO | J35: QTY | K35: CUT QTY | L35: Send to Wash / Dye | M35: Balance to Send | N35: Wash / Dye Received | O35: Balance to receive | P35: PACK/SHIP QTY | Q35: CTNS | R35: STATUS | S35: FI to be done by | T35: ASN | U35: WEIGHT | V35: WFX | W35: QC | X35: BOOKING NO | Y35: DO | Z35: Ship Percentage
B36: 1st Vehicle - TN24AX6681 | C36: NW00 | D36: 10 | E36: PRLS/25/12727 | F36: US | G36: 4702067331 | H36: 6671A CABANA BLUE/WHITE | I36: 710B18632001 | J36: 626 | P36: 641 | Q36: 38 | R36: SHIPPED | T36: sent | U36: DONE | V36: DONE | W36: DONE | X36: IBKG0000238262 | Y36: WFX GDN COMPLETE | Z36: =+P36/J36 -> 1.0239617
B37: 1st Vehicle - TN24AX6681 | C37: NW00 | D37: 20 | E37: PRLS/25/12729 | F37: US | G37: 4702067331 | H37: 6671I POWDER PURPLE/WHITE | I37: 710B18632002 | J37: 494 | P37: 506 | Q37: 30 | R37: SHIPPED | T37: sent | U37: DONE | V37: DONE | W37: DONE | Y37: WFX GDN COMPLETE | Z37: =+P37/J37 -> 1.0242915
B38: 1st Vehicle - TN24AX6681 | C38: NW00 | D38: 10 | E38: PRLS/25/12888 | F38: US | G38: 4702079686 | H38: 7289A HRBR ISLND BLUE WHT MLTI | I38: 710P03855501 | J38: 2622 | P38: 2696 | Q38: 158 | R38: SHIPPED | T38: sent | U38: DONE | V38: DONE | W38: DONE | Y38: WFX GDN COMPLETE | Z38: =+P38/J38 -> 1.0282227
B39: 1st Vehicle - TN24AX6681 | C39: NW00 | D39: 10 | E39: PRLS/25/12892 | F39: US | G39: 4702079688 | H39: 7289D COASTAL BEIGE WHT MULTI | I39: 711P03855504 | J39: 223 | P39: 223 | Q39: 18 | R39: SHIPPED | T39: sent | U39: DONE | V39: DONE | W39: DONE | Y39: WFX GDN COMPLETE | Z39: =+P39/J39 -> 1
B40: 1st Vehicle - TN24AX6681 | C40: NW00 | D40: 20 | E40: PRLS/25/12893 | F40: US | G40: 4702079688 | H40: 7289A HRBR ISLND BLUE WHT MLTI | I40: 711P03855505 | J40: 1070 | P40: 1091 | Q40: 77 | R40: SHIPPED | T40: sent | U40: DONE | V40: DONE | W40: DONE | Y40: WFX GDN COMPLETE | Z40: =+P40/J40 -> 1.0196262
B41: 2nd Vehicle - KA01AB3017 | C41: NW00 | D41: 20 | E41: PRLS/25/12889 | F41: US | G41: 4702079686 | H41: 7289D COASTAL BEIGE WHT MULTI | I41: 710P03855502 | J41: 2074 | P41: 2132 | Q41: 126 | R41: SHIPPED | T41: sent | U41: DONE | V41: DONE | W41: DONE | Y41: WFX GDN COMPLETE | Z41: =+P41/J41 -> 1.0279653
B42: 2nd Vehicle - KA01AB3017 | C42: NW00 | D42: 30 | E42: PRLS/25/12890 | F42: US | G42: 4702079686 | H42: 7289C PWDR PURPLE WHITE MULTI | I42: 710P03855503 | J42: 1966 | P42: 2019 | Q42: 118 | R42: SHIPPED | T42: sent | U42: DONE | V42: DONE | W42: DONE | Y42: WFX GDN COMPLETE | Z42: =+P42/J42 -> 1.0269583
A43: 1st Floor | B43: 2nd Vehicle - KA01AB3017 | C43: NW00 | D43: 40 | E43: PRLS/25/12891 | F43: US | G43: 4702079686 | H43: 7289B FADED MINT WHITE MULTI | I43: 710P03855504 | J43: 2402 | P43: 2470 | Q43: 146 | R43: SHIPPED | T43: sent | U43: DONE | V43: DONE | W43: DONE | Y43: WFX GDN COMPLETE | Z43: =+P43/J43 -> 1.0283097
B44: 3rd Vehicle - KA01AD6921 | C44: NW00 | D44: 10 | E44: PRLS/25/12724 | F44: US | G44: 4702067330 | H44: 6555I POWDER PURPLE/WHITE | I44: 710B18627001 | J44: 918 | P44: 940 | Q44: 55 | R44: SHIPPED | T44: sent | U44: DONE | V44: DONE | W44: DONE | Y44: WFX GDN COMPLETE | Z44: =+P44/J44 -> 1.0239651
B45: 3rd Vehicle - KA01AD6921 | C45: NW00 | D45: 20 | E45: PRLS/25/12725 | F45: US | G45: 4702067330 | H45: 6555B CABANA BLUE/WHITE | I45: 710B18627002 | J45: 2496 | P45: 2560 | Q45: 150 | R45: SHIPPED | T45: sent | U45: DONE | V45: DONE | W45: DONE | Y45: WFX GDN COMPLETE | Z45: =+P45/J45 -> 1.025641
B46: 3rd Vehicle - KA01AD6921 | C46: NW00 | D46: 30 | E46: PRLS/25/12762 | F46: US | G46: 4702067330 | H46: 6555H COASTAL BEIGE/WHITE | I46: 710B18627003 | J46: 3200 | P46: 3289 | Q46: 192 | R46: SHIPPED | T46: sent | U46: DONE | V46: DONE | W46: DONE | Y46: WFX GDN COMPLETE | Z46: =+P46/J46 -> 1.0278125
E47: SUBTOTAL | J47: =SUM(J36:J46) -> 18091 | K47: =SUM(K36:K43) -> 0 | L47: =SUM(L36:L43) -> 0 | M47: =SUM(M36:M43) -> 0 | N47: =SUM(N36:N43) -> 0 | O47: =SUM(O36:O43) -> 0 | P47: =SUM(P36:P46) -> 18567 | Q47: =SUM(Q36:Q46) -> 1108
H49: GRAND TOTAL | J49: =J8+J16+J24+J27+J30+J33+J47 -> 27810 | K49: =K8+K16+K24+K27+K30+K33+K47 -> 0 | L49: =L8+L16+L24+L27+L30+L33+L47 -> 0 | M49: =M8+M16+M24+M27+M30+M33+M47 -> 0 | N49: =N8+N16+N24+N27+N30+N33+N47 -> 0 | O49: =O8+O16+O24+O27+O30+O33+O47 -> 0 | P49: =P8+P16+P24+P27+P30+P33+P47 -> 28469 | Q49: =Q8+Q16+Q24+Q27+Q30+Q33+Q47 -> 1596

Sheet CDD-15.03.2026-SHIPPED
B1: SHIPMENT BOOKING
B2: SEA FOB | Truckout Date: 05.03.2026 | CDD - 15.03.2026
B4: F Line | C4: PLANT CODE | D4: LINE NO | E4: CON | F4: DESTINATION | G4: PO NO | H4: COLOR | I4: MATERIAL NO | J4: QTY | K4: CUT QTY | L4: Send to Wash / Dye | M4: Balance to Send | N4: Wash / Dye Received | O4: Balance to receive | P4: PACK/SHIP QTY | Q4: CTNS | R4: STATUS | S4: FI to be done by | T4: ASN | U4: WEIGHT | V4: WFX | W4: QC | X4: BOOKING NO | Y4: DO | Z4: Ship Percentage
C5: CA20 | D5: 10 | E5: PRLS/25/13331 | F5: ITALY | G5: 4702112432 | H5: WHITE | I5: 710615870001 | J5: 1292 | P5: 1308 | Q5: 35 | R5: SHIPPED | T5: DONE | U5: DONE | V5: DONE | W5: DONE | X5: IBKG0000243531 | Y5: CHENNAI | Z5: =+P5/J5 -> 1.0123839
C6: CA20 | D6: 20 | E6: PRLS/25/13332 | F6: ITALY | G6: 4702112432 | H6: BSR BLUE | I6: 710615870002 | J6: 869 | P6: 876 | Q6: 23 | R6: SHIPPED | T6: DONE | U6: DONE | V6: DONE | W6: DONE | Z6: =+P6/J6 -> 1.0080552
C7: CA20 | D7: 10 | E7: PRLS/25/13333 | F7: ITALY | G7: 4702112433 | H7: BLUE/WHITE STRIPE | I7: 710615871001 | J7: 1250 | P7: 1281 | Q7: 33 | R7: SHIPPED | T7: DONE | U7: DONE | V7: DONE | W7: DONE | Z7: =+P7/J7 -> 1.0248
C8: CA20 | D8: 10 | E8: PRLS/25/13334 | F8: ITALY | G8: 4702112434 | H8: WHITE | I8: 710757702001 | J8: 1127 | P8: 1148 | Q8: 30 | R8: SHIPPED | T8: DONE | U8: DONE | V8: DONE | W8: DONE | Z8: =+P8/J8 -> 1.0186335
C9: CA20 | D9: 20 | E9: PRLS/25/13335 | F9: ITALY | G9: 4702112434 | H9: BSR BLUE | I9: 710757702002 | J9: 679 | P9: 684 | Q9: 18 | R9: SHIPPED | T9: DONE | U9: DONE | V9: DONE | W9: DONE | Z9: =+P9/J9 -> 1.0073638
H10: GRAND TOTAL | J10: =SUM(J5:J9) -> 5217 | K10: =SUM(K5:K9) -> 0 | L10: =SUM(L5:L9) -> 0 | M10: =SUM(M5:M9) -> 0 | N10: =SUM(N5:N9) -> 0 | O10: =SUM(O5:O9) -> 0 | P10: =SUM(P5:P9) -> 5297 | Q10: =SUM(Q5:Q9) -> 139 | Z10: =+P10/J10 -> 1.0153345

Sheet CDD-22-03-2026-SHIPPED
B2: SHIPMENT BOOKING
B3: CHENNAI SEA FOB | Truckout Date: 12.03.2026 | CDD - 22.03.2026
B5: F Line | C5: PLANT CODE | D5: LINE NO | E5: CON | F5: DESTINATION | G5: PO NO | H5: COLOR | I5: MATERIAL NO | J5: QTY | K5: CUT QTY | L5: Send to Wash / Dye | M5: Balance to Send | N5: Wash / Dye Received | O5: Balance to receive | P5: PACK/SHIP QTY | Q5: CTNS | R5: STATUS | S5: FI to be done by | T5: ASN | U5: WEIGHT | V5: WFX | W5: QC | X5: BOOKING NO | Y5: DO | Z5: Ship Percentage
C6: V994 | D6: 10 | E6: PRLS/25/12722 | F6: JAPAN | G6: 4702067322 | H6: 7258 NAVY WHITE | I6: 710B18131001 | J6: 60 | P6: 60 | Q6: 2 | R6: Shipped | T6: SENt | X6: IBKG0000244532 | Z6: =+P6/J6 -> 1
C7: V994 | D7: 10 | E7: PRLS/25/12723 | F7: JAPAN | G7: 4702067329 | H7: 7312 NAVY MULTI | I7: 710B18274001 | J7: 1000 | P7: 1022 | Q7: 24 | R7: Shipped | T7: SENt | Z7: =+P7/J7 -> 1.022
E8: SUBTOTAL | J8: =SUM(J6:O7) -> 1060 | K8: =SUM(K6:P7) -> 1082 | L8: =SUM(L6:Q7) -> 1108 | M8: =SUM(M6:R7) -> 1108 | N8: =SUM(N6:S7) -> 1108 | O8: =SUM(O6:T7) -> 1108 | P8: =SUM(P6:P7) -> 1082 | Q8: =SUM(Q6:Q7) -> 26
B9: CHENNAI SEA FOB | Truckout Date: 17.03.2026 | CDD - 29.03.2026
C10: PF00 | D10: 10 | E10: PRLS/25/13159 | F10: US | G10: 4702096672 | H10: NEW FOREST | I10: 710804257063 | J10: 1557 | P10: 300 | Q10: 7 | R10: Under Scanning | X10: IBKG0000244536 | Z10: =+P10/J10 -> 0.19267823 | AA10: 29T
E11: SUBTOTAL | J11: =SUM(J10:J10) -> 1557 | K11: =SUM(K10:K10) -> 0 | L11: =SUM(L10:L10) -> 0 | M11: =SUM(M10:M10) -> 0 | N11: =SUM(N10:N10) -> 0 | O11: =SUM(O10:O10) -> 0 | P11: =SUM(P10:P10) -> 300 | Q11: =SUM(Q10:Q10) -> 7
E13: Grand TOTAL | J13: =J8+J11 -> 2617 | K13: =K8+K11 -> 1082 | L13: =L8+L11 -> 1108 | M13: =M8+M11 -> 1108 | N13: =N8+N11 -> 1108 | O13: =O8+O11 -> 1108 | P13: =P8+P11 -> 1382 | Q13: =Q8+Q11 -> 33
H18: 30TH MARCH
E19: 4702096673 | F19: 10 | G19: Z254SC32 | H19: PRLS/25/13159 | I19: 100% Cotton Woven Men's L/S Shirt | J19: 710804257063 | K19: PF00 | L19: US | M19: KPR | N19: 8.11 | O19: 100

Sheet CDD-29-03-2026-SHIPPED
B3: SHIPMENT BOOKING
B4: CHENNAI SEA FOB | Truckout Date:17 .03.2026 | CDD - 29.03.2026
B6: F Line | C6: PLANT CODE | D6: LINE NO | E6: CON | F6: DESTINATION | G6: PO NO | H6: COLOR | I6: MATERIAL NO | J6: QTY | K6: CUT QTY | L6: Send to Wash / Dye | M6: Balance to Send | N6: Wash / Dye Received | O6: Balance to receive | P6: PACK/SHIP QTY | Q6: CTNS | R6: STATUS | S6: FI to be done by | T6: ASN | U6: WEIGHT | V6: WFX | W6: QC | X6: VEHICLE REQUEST | Y6: BOOKING NO | Z6: DO | AA6: Ship Percentage
C7: V993 | D7: 10 | E7: PRLS/25/12722 | F7: KOREA | G7: 4702067321 | H7: 7258 NAVY WHITE | I7: 710B18131001 | J7: 250 | P7: 241 | Q7: 6 | R7: Shipped | T7: Done | U7: Updated | V7: Done | W7: Done | X7: 2ND VEHICLE | Y7: IBKG0000247519 | AA7: =+P7/J7 -> 0.964
C8: V993 | D8: 10 | E8: PRLS/25/12723 | F8: KOREA | G8: 4702067327 | H8: 7312 NAVY MULTI | I8: 710B18274001 | J8: 65 | P8: 65 | Q8: 2 | R8: Shipped | T8: Done | U8: Updated | V8: Done | W8: Done | AA8: =+P8/J8 -> 1
C9: V993 | D9: 10 | E9: PRLS/25/12723 | F9: KOREA | G9: 4702067328 | H9: 7312 NAVY MULTI | I9: 710B18274001 | J9: 500 | P9: 500 | Q9: 12 | R9: Shipped | T9: Done | U9: Updated | V9: Done | W9: Done | AA9: =+P9/J9 -> 1
C10: V993 | D10: 10 | E10: PRLS/25/12734 | F10: KOREA | G10: 4702067334 | H10: 6671A CABANA BLUE/WHITE | I10: 710B22588002 | J10: 121 | P10: 121 | Q10: 8 | R10: Shipped | T10: Done | U10: Updated | V10: Done | W10: Done | AA10: =+P10/J10 -> 1
E11: SUBTOTAL | J11: =SUM(J7:J10) -> 936 | K11: =SUM(K7:K10) -> 0 | L11: =SUM(L7:L10) -> 0 | M11: =SUM(M7:M10) -> 0 | N11: =SUM(N7:N10) -> 0 | O11: =SUM(O7:O10) -> 0 | P11: =SUM(P7:P10) -> 927 | Q11: =SUM(Q7:Q10) -> 28 | AA11: =+P11/J11 -> 0.99038462
C13: TO17 | D13: 10 | E13: PRLS/25/12890 | F13: CANADA | G13: 4702079687 | H13: 7289C PWDR PURPLE WHITE MULTI | I13: 710P03855503 | J13: 200 | P13: 200 | Q13: 13 | R13: Shipped | T13: Done | U13: Updated | V13: Done | W13: Done | X13: 2ND VEHICLE | Y13: IBKG0000248394 | AA13: =+P13/J13 -> 1
C14: TO17 | D14: 20 | E14: PRLS/25/12891 | F14: CANADA | G14: 4702079687 | H14: 7289B FADED MINT WHITE MULTI | I14: 710P03855504 | J14: 220 | P14: 220 | Q14: 14 | R14: Shipped | T14: Done | U14: Updated | V14: Done | W14: Done | AA14: =+P14/J14 -> 1
E15: SUBTOTAL | J15: =SUM(J13:J14) -> 420 | K15: =SUM(K13:K14) -> 0 | L15: =SUM(L13:L14) -> 0 | M15: =SUM(M13:M14) -> 0 | N15: =SUM(N13:N14) -> 0 | O15: =SUM(O13:O14) -> 0 | P15: =SUM(P13:P14) -> 420 | Q15: =SUM(Q13:Q14) -> 27
C17: TO40 | D17: 10 | E17: PRLS/25/13160 | F17: CANADA | G17: 4702095845 | H17: WHITE | I17: 710967632001 | J17: 330 | P17: 337 | Q17: 20 | R17: Shipped | T17: Done | U17: Updated | V17: DONE | W17: Done | X17: 2ND VEHICLE | Y17: IBKG0000248397 | AA17: =+P17/J17 -> 1.0212121
E18: SUBTOTAL | J18: =SUM(J17:J17) -> 330 | K18: =SUM(K17:K17) -> 0 | L18: =SUM(L17:L17) -> 0 | M18: =SUM(M17:M17) -> 0 | N18: =SUM(N17:N17) -> 0 | O18: =SUM(O17:O17) -> 0 | P18: 337 | Q18: 20
C20: PF00 | D20: 10 | E20: PRLS/25/13156 | F20: US | G20: 4702095662 | H20: 6937B WHITE GREEN MULTI | I20: 710B29639001 | J20: 3396 | P20: 3493 | Q20: 201 | R20: Shipped | T20: SENT | U20: Updated | V20: Done | W20: Done | X20: 1ST VEHICLE | Y20: IBKG0000248410 | AA20: =+P20/J20 -> 1.028563
C21: PF00 | D21: 10 | E21: PRLS/25/13160 | F21: US | G21: 4702095844 | H21: WHITE | I21: 710967632001 | J21: 5170 | P21: 5319 | Q21: 306 | R21: Shipped | T21: SENT | U21: Updated | V21: Done | W21: Done | AA21: =+P21/J21 -> 1.0288201
C22: PF00 | D22: 10 | E22: PRLS/25/13164 | F22: US | G22: 4702095655 | H22: WHITE | I22: 710967894001 | J22: 3760 | P22: 3866 | Q22: 183 | R22: Shipped | T22: SENT | U22: Updated | V22: Done | W22: Done | AA22: =+P22/J22 -> 1.0281915
E23: SUBTOTAL | J23: =SUM(J20:J22) -> 12326 | K23: =SUM(K20:K22) -> 0 | L23: =SUM(L20:L22) -> 0 | M23: =SUM(M20:M22) -> 0 | N23: =SUM(N20:N22) -> 0 | O23: =SUM(O20:O22) -> 0 | P23: =SUM(P20:P22) -> 12678 | Q23: =SUM(Q20:Q22) -> 690
C25: PF00 | D25: 10 | E25: PRLS/25/13159 | F25: US | G25: 4702096672 | H25: NEW FOREST | I25: 710804257063 | J25: 1557 | P25: 1459 | Q25: 35 | R25: Shipped | X25: 2ND VEHICLE | Y25: IBKG0000244536 | AA25: =+P25/J25 -> 0.93705845
E26: SUBTOTAL | J26: =SUM(J25:J25) -> 1557 | K26: =SUM(K25:K25) -> 0 | L26: =SUM(L25:L25) -> 0 | M26: =SUM(M25:M25) -> 0 | N26: =SUM(N25:N25) -> 0 | O26: =SUM(O25:O25) -> 0 | P26: =SUM(P25:P25) -> 1459 | Q26: =SUM(Q25:Q25) -> 35
B27: BANGALORE, AIR FOB | Truckout Date: 17.03.2026 | CDD - 29.03.2026
C28: PF00 | D28: 10 | E28: PRLS/25/13156 | F28: US | G28: 4702095663 | H28: 6937B WHITE GREEN MULTI | I28: 710B29639001 | J28: 100 | P28: 100 | Q28: 7 | R28: Shipped | X28: Awaiting booking number for air shipment | Y28: IBKG0000257090 | AA28: =+P28/J28 -> 1
C29: PF00 | D29: 10 | E29: PRLS/25/13159 | F29: US | G29: 4702096673 | H29: NEW FOREST | I29: 710804257063 | J29: 100 | P29: 100 | Q29: 3 | R29: Shipped | X29: Awaiting booking number for air shipment | AA29: =+P29/J29 -> 1
E31: SUBTOTAL | J31: =SUM(J28:J29) -> 200 | K31: =SUM(K28:K29) -> 0 | L31: =SUM(L28:L29) -> 0 | M31: =SUM(M28:M29) -> 0 | N31: =SUM(N28:N29) -> 0 | O31: =SUM(O28:O29) -> 0 | P31: =SUM(P28:P29) -> 200 | Q31: =SUM(Q28:Q29) -> 10
G33: Grand TOTAL | J33: =J11+J15+J18+J23+J26+J31 -> 15769 | K33: =K11+K15+K18+K23+K26+K31 -> 0 | L33: =L11+L15+L18+L23+L26+L31 -> 0 | M33: =M11+M15+M18+M23+M26+M31 -> 0 | N33: =N11+N15+N18+N23+N26+N31 -> 0 | O33: =O11+O15+O18+O23+O26+O31 -> 0 | P33: =P11+P15+P18+P23+P26+P31 -> 16021 | Q33: =Q11+Q15+Q18+Q23+Q26+Q31 -> 810

Sheet CDD-29-03-2026 - Vehicle wise
B3: SHIPMENT BOOKING
B4: CHENNAI SEA FOB | Truckout Date:17 .03.2026 | CDD - 29.03.2026
B6: F Line | C6: PLANT CODE | D6: LINE NO | E6: CON | F6: DESTINATION | G6: PO NO | H6: COLOR | I6: MATERIAL NO | J6: QTY | K6: CUT QTY | L6: Send to Wash / Dye | M6: Balance to Send | N6: Wash / Dye Received | O6: Balance to receive | P6: PACK/SHIP QTY | Q6: CTNS | R6: STATUS | S6: FI to be done by | T6: ASN | U6: WEIGHT | V6: WFX | W6: QC | X6: VEHICLE REQUEST | Y6: BOOKING NO | Z6: DO | AA6: Ship Percentage
C7: V993 | D7: 10 | E7: PRLS/25/12722 | F7: KOREA | G7: 4702067321 | I7: 710B18131001 | J7: 250 | P7: 241 | Q7: 6 | R7: Ready | T7: Done | U7: Updated | V7: Done | W7: Done | X7: 2ND VEHICLE | Y7: IBKG0000247519 | AA7: =+P7/J7 -> 0.964
C8: V993 | D8: 10 | E8: PRLS/25/12723 | F8: KOREA | G8: 4702067327 | I8: 710B18274001 | J8: 65 | P8: 65 | Q8: 2 | R8: Ready | T8: Done | U8: Updated | V8: Done | W8: Done | AA8: =+P8/J8 -> 1
C9: V993 | D9: 10 | E9: PRLS/25/12723 | F9: KOREA | G9: 4702067328 | I9: 710B18274001 | J9: 500 | P9: 500 | Q9: 12 | R9: Ready | T9: Done | U9: Updated | V9: Done | W9: Done | AA9: =+P9/J9 -> 1
C10: V993 | D10: 10 | E10: PRLS/25/12734 | F10: KOREA | G10: 4702067334 | I10: 710B22588002 | J10: 121 | P10: 121 | Q10: 8 | R10: Ready | T10: Done | U10: Updated | V10: Done | W10: Done | AA10: =+P10/J10 -> 1
E11: SUBTOTAL | J11: =SUM(J7:J10) -> 936 | K11: =SUM(K7:K10) -> 0 | L11: =SUM(L7:L10) -> 0 | M11: =SUM(M7:M10) -> 0 | N11: =SUM(N7:N10) -> 0 | O11: =SUM(O7:O10) -> 0 | P11: =SUM(P7:P10) -> 927 | Q11: =SUM(Q7:Q10) -> 28 | AA11: =+P11/J11 -> 0.99038462
C13: TO17 | D13: 10 | E13: PRLS/25/12890 | F13: CANADA | G13: 4702079687 | I13: 710P03855503 | J13: 200 | P13: 200 | Q13: 13 | R13: Ready | T13: Done | U13: Updated | V13: Done | W13: Done | X13: 2ND VEHICLE | Y13: IBKG0000248394 | AA13: =+P13/J13 -> 1
C14: TO17 | D14: 20 | E14: PRLS/25/12891 | F14: CANADA | G14: 4702079687 | I14: 710P03855504 | J14: 220 | P14: 220 | Q14: 14 | R14: Ready | T14: Done | U14: Updated | V14: Done | W14: Done | AA14: =+P14/J14 -> 1
E15: SUBTOTAL | J15: =SUM(J13:J14) -> 420 | K15: =SUM(K13:K14) -> 0 | L15: =SUM(L13:L14) -> 0 | M15: =SUM(M13:M14) -> 0 | N15: =SUM(N13:N14) -> 0 | O15: =SUM(O13:O14) -> 0 | P15: =SUM(P13:P14) -> 420 | Q15: =SUM(Q13:Q14) -> 27
C17: TO40 | D17: 10 | E17: PRLS/25/13160 | F17: CANADA | G17: 4702095845 | I17: 710967632001 | J17: 330 | P17: 337 | Q17: 20 | R17: Ready | T17: Done | U17: Updated | V17: DONE | W17: Done | X17: 2ND VEHICLE | Y17: IBKG0000248397 | AA17: =+P17/J17 -> 1.0212121
E18: SUBTOTAL | J18: =SUM(J17:J17) -> 330 | K18: =SUM(K17:K17) -> 0 | L18: =SUM(L17:L17) -> 0 | M18: =SUM(M17:M17) -> 0 | N18: =SUM(N17:N17) -> 0 | O18: =SUM(O17:O17) -> 0 | P18: 337 | Q18: 20 | R18: Ready
C20: PF00 | D20: 10 | E20: PRLS/25/13156 | F20: US | G20: 4702095662 | I20: 710B29639001 | J20: 3396 | P20: 3493 | Q20: 201 | R20: Shipped | T20: SENT | U20: Updated | V20: Done | W20: Done | X20: 1ST VEHICLE | Y20: IBKG0000248410 | AA20: =+P20/J20 -> 1.028563
C21: PF00 | D21: 10 | E21: PRLS/25/13160 | F21: US | G21: 4702095844 | I21: 710967632001 | J21: 5170 | P21: 5319 | Q21: 306 | R21: Shipped | T21: SENT | U21: Updated | V21: Done | W21: Done | AA21: =+P21/J21 -> 1.0288201
C22: PF00 | D22: 10 | E22: PRLS/25/13164 | F22: US | G22: 4702095655 | I22: 710967894001 | J22: 3760 | P22: 3866 | Q22: 183 | R22: Shipped | T22: SENT | U22: Updated | V22: Done | W22: Done | AA22: =+P22/J22 -> 1.0281915
E23: SUBTOTAL | J23: =SUM(J20:J22) -> 12326 | K23: =SUM(K20:K21) -> 0 | L23: =SUM(L20:L21) -> 0 | M23: =SUM(M20:M21) -> 0 | N23: =SUM(N20:N21) -> 0 | O23: =SUM(O20:O21) -> 0 | P23: =SUM(P20:P22) -> 12678 | Q23: =SUM(Q20:Q22) -> 690
C25: PF00 | D25: 10 | E25: PRLS/25/13159 | F25: US | G25: 4702096672 | I25: 710804257063 | J25: 1557 | P25: 1284 | Q25: 30 | R25: Under Scanning | X25: 2ND VEHICLE | Y25: IBKG0000244536 | AA25: =+P25/J25 -> 0.82466281
E26: SUBTOTAL | J26: =SUM(J25:J25) -> 1557 | K26: =SUM(K25:K25) -> 0 | L26: =SUM(L25:L25) -> 0 | M26: =SUM(M25:M25) -> 0 | N26: =SUM(N25:N25) -> 0 | O26: =SUM(O25:O25) -> 0 | P26: =SUM(P25:P25) -> 1284 | Q26: =SUM(Q25) -> 30
B27: BANGALORE, AIR FOB | Truckout Date: 17.03.2026 | CDD - 29.03.2026
C28: PF00 | D28: 10 | E28: PRLS/25/13156 | F28: US | G28: 4702095663 | I28: 710B29639001 | J28: 100 | P28: 100 | Q28: 7 | R28: Ready | X28: Awaiting booking number for air shipment | AA28: =+P28/J28 -> 1
C29: PF00 | D29: 10 | E29: PRLS/25/13159 | F29: US | G29: 4702096673 | I29: 710804257063 | J29: 100 | P29: 100 | Q29: 3 | R29: Ready | X29: Awaiting booking number for air shipment | AA29: =+P29/J29 -> 1
E30: SUBTOTAL | J30: =SUM(J28:J29) -> 200 | K30: =SUM(K28:K29) -> 0 | L30: =SUM(L28:L29) -> 0 | M30: =SUM(M28:M29) -> 0 | N30: =SUM(N28:N29) -> 0 | O30: =SUM(O28:O29) -> 0 | P30: =SUM(P28:P29) -> 200 | Q30: =SUM(Q28:Q29) -> 10
G32: Grand TOTAL | J32: =J11+J15+J18+J23+J26+J30 -> 15769 | K32: =K11+K15+K18+K23+K26+K30 -> 0 | L32: =L11+L15+L18+L23+L26+L30 -> 0 | M32: =M11+M15+M18+M23+M26+M30 -> 0 | N32: =N11+N15+N18+N23+N26+N30 -> 0 | O32: =O11+O15+O18+O23+O26+O30 -> 0 | P32: =P11+P15+P18+P23+P26+P30 -> 15846 | Q32: =Q11+Q15+Q18+Q23+Q26+Q30 -> 805
K33: =SUBTOTAL(9,K20:K32) -> 0 | L33: =SUBTOTAL(9,L20:L32) -> 0 | M33: =SUBTOTAL(9,M20:M32) -> 0 | N33: =SUBTOTAL(9,N20:N32) -> 0 | O33: =SUBTOTAL(9,O20:O32) -> 0

Sheet CDD-05-04-2026-SHIPPED
B3: SHIPMENT BOOKING
B4: CHENNAI SEA FOB | Truckout Date:26 .03.2026 | CDD - 05.04.2026
B6: F Line | C6: PLANT CODE | D6: LINE NO | E6: CON | F6: DESTINATION | G6: PO NO | H6: COLOR | I6: MATERIAL NO | J6: QTY | K6: CUT QTY | L6: Send to Wash / Dye | M6: Balance to Send | N6: Wash / Dye Received | O6: Balance to receive | P6: PACK/SHIP QTY | Q6: CTNS | R6: STATUS | S6: FI to be done by | T6: ASN | U6: WEIGHT | V6: WFX | W6: QC | X6: BOOKING NO | Y6: DO | Z6: Ship Percentage | AA6: OCR | AB6: DRAFT
C7: CA10 | D7: 10 | E7: PRLS/25/12782 | F7: ITALY | G7: 4702050922 | H7: WHITE | I7: 782581596001 | J7: 30 | P7: 28 | Q7: 4 | R7: Shipped | T7: DONE | U7: DONE | X7: IBKG0000253667 | Z7: =+P7/J7 -> 0.93333333
E8: SUBTOTAL | J8: =SUM(J7) -> 30 | K8: =SUM(K7) -> 0 | L8: =SUM(L7) -> 0 | M8: =SUM(M7) -> 0 | N8: =SUM(N7) -> 0 | O8: =SUM(O7) -> 0 | P8: =SUM(P7) -> 28 | Q8: =SUM(Q7) -> 4
C10: V993 | D10: 10 | E10: PRLS/25/12780 | F10: KOREA | G10: 4702050921 | H10: WHITE | I10: 782528496001 | J10: 30 | P10: 30 | Q10: 4 | R10: Shipped | T10: DONE | U10: DONE | X10: IBKG0000253668 | Z10: =+P10/J10 -> 1
C11: V993 | D11: 10 | E11: PRLS/25/12782 | F11: KOREA | G11: 4702050926 | H11: WHITE | I11: 782581596001 | J11: 40 | P11: 40 | Q11: 5 | R11: Shipped | T11: DONE | U11: DONE | Z11: =+P11/J11 -> 1
E12: SUBTOTAL | J12: =SUM(J10:J11) -> 70 | K12: =SUM(K10:K11) -> 0 | L12: =SUM(L10:L11) -> 0 | M12: =SUM(M10:M11) -> 0 | N12: =SUM(N10:N11) -> 0 | O12: =SUM(O10:O11) -> 0 | P12: =SUM(P10:P11) -> 70 | Q12: =SUM(Q10:Q11) -> 9
C14: HD00 | D14: 10 | E14: PRLS/25/12780 | F14: US | G14: 4702050918 | H14: WHITE | I14: 782528496001 | J14: 175 | P14: 170 | Q14: 19 | R14: Shipped | T14: DONE | U14: DONE | X14: IBKG0000253671 | Z14: =+P14/J14 -> 0.97142857
C15: HD00 | D15: 10 | E15: PRLS/25/12782 | F15: US | G15: 4702050923 | H15: WHITE | I15: 782581596001 | J15: 91 | P15: 71 | Q15: 8 | R15: Shipped | T15: DONE | U15: DONE | Z15: =+P15/J15 -> 0.78021978
E16: SUBTOTAL | J16: =SUM(J14:J15) -> 266 | K16: =SUM(K14:K15) -> 0 | L16: =SUM(L14:L15) -> 0 | M16: =SUM(M14:M15) -> 0 | N16: =SUM(N14:N15) -> 0 | O16: =SUM(O14:O15) -> 0 | P16: =SUM(P14:P15) -> 241 | Q16: =SUM(Q14:Q15) -> 27
C18: NW00 | D18: 10 | E18: PRLS/25/12780 | F18: US | G18: 4702050919 | H18: WHITE | I18: 782528496001 | J18: 18 | P18: 18 | Q18: 2 | R18: Shipped | T18: DONE | U18: DONE | X18: IBKG0000253675 | Z18: =+P18/J18 -> 1
C19: NW00 | D19: 10 | E19: PRLS/25/12782 | F19: US | G19: 4702050924 | H19: WHITE | I19: 782581596001 | J19: 9 | P19: 9 | Q19: 1 | R19: Shipped | T19: DONE | U19: DONE | Z19: =+P19/J19 -> 1
E20: SUBTOTAL | J20: =SUM(J18:J19) -> 27 | K20: =SUM(K18:K19) -> 0 | L20: =SUM(L18:L19) -> 0 | M20: =SUM(M18:M19) -> 0 | N20: =SUM(N18:N19) -> 0 | O20: =SUM(O18:O19) -> 0 | P20: =SUM(P18:P19) -> 27 | Q20: =SUM(Q18:Q19) -> 3
E24: PRLS/25/13165 | F24: US | G24: 4702095660 | H24: 6937C WHITE WINE MULTI | I24: 710B29367001 | J24: 100 | K24: 710B29367001 | L24: 100 | O24: 100 | P24: 100 | Q24: 7 | R24: Shipped | S24: 7 | T24: DONE | X24: IBKG0000260723
G27: Grand TOTAL | J27: =+J8+J12+J16+J20+J24 -> 493 | K27: =+K8+K12+K16+K20+K24 -> #VALUE! | L27: =+L8+L12+L16+L20+L24 -> 100 | M27: =+M8+M12+M16+M20+M24 -> 0 | N27: =+N8+N12+N16+N20+N24 -> 0 | O27: =+O8+O12+O16+O20+O24 -> 100 | P27: =+P8+P12+P16+P20+P24 -> 466 | Q27: =+Q8+Q12+Q16+Q20+Q24 -> 50
E33: CON | F33: DESTINATION | G33: PO NO | H33: COLOR | I33: MATERIAL NO | J33: QTY | K33: CUT QTY | L33: Send to Wash / Dye | M33: Balance to Send | N33: Wash / Dye Received | O33: Balance to receive | P33: PACK/SHIP QTY | Q33: CTNS | R33: STATUS | S33: FI to be done by | T33: ASN | U33: WEIGHT | V33: WFX | W33: QC | X33: BOOKING NO
E34: PRLS/25/13166 | F34: US | G34: 4702095655 | H34: NEWPORT NAVY | I34: 710967894002 | J34: 2820 | P34: 2889 | Q34: 137 | R34: SHIPPED | T34: DONE | U34: DONE | V34: DONE | W34: DONE | X34: IBKG0000253720
E35: PRLS/25/13167 | F35: US | G35: 4702095655 | H35: POLO BLACK | I35: 710967894500 | J35: 1128 | P35: 1137 | Q35: 55 | R35: SHIPPED | T35: DONE | U35: DONE | V35: DONE | W35: DONE
E36: PRLS/25/13165 | F36: US | G36: 4702095659 | H36: 6937C WHITE WINE MULTI | I36: 710B29367001 | J36: 3580 | P36: 3656 | Q36: 211 | R36: SHIPPED | T36: DONE | U36: DONE | V36: DONE | W36: DONE
E37: SUBTOTAL | J37: =SUM(J34:J36) -> 7528 | K37: =SUM(K34:K36) -> 0 | L37: =SUM(L34:L36) -> 0 | M37: =SUM(M34:M36) -> 0 | N37: =SUM(N34:N36) -> 0 | O37: =SUM(O34:O36) -> 0 | P37: =SUM(P34:P36) -> 7682 | Q37: =SUM(Q34:Q36) -> 403
E39: PRLS/25/12722 | F39: HK | G39: 4702067320 | H39: 7258 NAVY WHITE | I39: 710B18131001 | J39: 105 | P39: 105 | Q39: 3 | R39: SHIPPED | T39: DONE | U39: DONE | V39: DONE | W39: DONE | X39: IBKG0000253664 | Z39: =+P39/J39 -> 1 | AB39: SENT
E40: PRLS/25/12722 | F40: HK | G40: 4702067318 | H40: 7258 NAVY WHITE | I40: 710B18131001 | J40: 35 | P40: 35 | Q40: 2 | R40: SHIPPED | T40: DONE | U40: DONE | V40: DONE | W40: DONE | Z40: =+P40/J40 -> 1 | AB40: SENT
E41: PRLS/25/12722 | F41: HK | G41: 4702067319 | H41: 7258 NAVY WHITE | I41: 710B18131001 | J41: 101 | P41: 101 | Q41: 3 | R41: SHIPPED | T41: DONE | U41: DONE | V41: DONE | W41: DONE | Z41: =+P41/J41 -> 1 | AB41: SENT
E42: PRLS/25/12723 | F42: HK | G42: 4702067324 | H42: 7312 NAVY MULTI | I42: 710B18274001 | J42: 290 | P42: 290 | Q42: 9 | R42: SHIPPED | T42: DONE | U42: DONE | V42: DONE | W42: DONE | Z42: =+P42/J42 -> 1 | AB42: SENT
E43: PRLS/25/12723 | F43: HK | G43: 4702067326 | H43: 7312 NAVY MULTI | I43: 710B18274001 | J43: 765 | P43: 766 | Q43: 19 | R43: SHIPPED | T43: DONE | U43: DONE | V43: DONE | W43: DONE | Z43: =+P43/J43 -> 1.0013072 | AB43: SENT
E44: PRLS/25/12723 | F44: HK | G44: 4702067325 | H44: 7312 NAVY MULTI | I44: 710B18274001 | J44: 149 | P44: 149 | Q44: 5 | R44: SHIPPED | T44: DONE | U44: DONE | V44: DONE | W44: DONE | Z44: =+P44/J44 -> 1 | AB44: SENT
E45: PRLS/25/12732 | F45: HK | G45: 4702067333 | H45: 6671H COASTAL BEIGE/WHITE | I45: 710B22588001 | J45: 141 | P45: 141 | Q45: 9 | R45: SHIPPED | T45: DONE | U45: DONE | V45: DONE | W45: DONE | Z45: =+P45/J45 -> 1 | AB45: SENT
E46: PRLS/25/12734 | F46: HK | G46: 4702067333 | H46: 6671A CABANA BLUE/WHITE | I46: 710B22588002 | J46: 211 | P46: 211 | Q46: 13 | R46: SHIPPED | T46: DONE | U46: DONE | V46: DONE | W46: DONE | Z46: =+P46/J46 -> 1 | AB46: SENT
E47: PRLS/25/12736 | F47: HK | G47: 4702067333 | H47: 6671I POWDER PURPLE/WHITE | I47: 710B22588003 | J47: 90 | P47: 90 | Q47: 7 | R47: SHIPPED | T47: DONE | U47: DONE | V47: DONE | W47: DONE | Z47: =+P47/J47 -> 1 | AB47: SENT
E48: PRLS/25/12740 | F48: HK | G48: 4702067336 | H48: 6555B CABANA BLUE/WHITE | I48: 710B22589002 | J48: 35 | P48: 35 | Q48: 3 | R48: SHIPPED | T48: DONE | U48: DONE | V48: DONE | W48: DONE | Z48: =+P48/J48 -> 1 | AB48: SENT
E49: PRLS/25/12780 | F49: HK | G49: 4702050920 | H49: WHITE | I49: 782528496001 | J49: 30 | P49: 30 | Q49: 3 | R49: SHIPPED | T49: DONE | U49: DONE | V49: DONE | W49: DONE | Z49: =+P49/J49 -> 1
E50: PRLS/25/12782 | F50: HK | G50: 4702050925 | H50: WHITE | I50: 782581596001 | J50: 30 | P50: 30 | Q50: 5 | R50: SHIPPED | T50: DONE | U50: DONE | V50: DONE | W50: DONE | Z50: =+P50/J50 -> 1
E51: SUBTOTAL | J51: =SUM(J39:J50) -> 1982 | K51: =SUM(K39:K50) -> 0 | L51: =SUM(L39:L50) -> 0 | M51: =SUM(M39:M50) -> 0 | N51: =SUM(N39:N50) -> 0 | O51: =SUM(O39:O50) -> 0 | P51: =SUM(P39:P50) -> 1983 | Q51: =SUM(Q39:Q50) -> 81 | Z51: =+P51/J51 -> 1.0005045
E53: PRLS/25/12930 | F53: US | G53: 4702080081 | H53: 7289A HRBR ISLND BLUE WHT MLTI | I53: 710P03855501 | J53: 40 | P53: 40 | Q53: 5 | R53: SHIPPED | T53: DONE | U53: DONE | V53: DONE | W53: DONE | X53: IBKG0000253742 | Z53: =+P53/J53 -> 1 | AA53: Received | AB53: SENT
E54: PRLS/25/12931 | F54: US | G54: 4702080081 | H54: 7289D COASTAL BEIGE WHT MULTI | I54: 710P03855502 | J54: 40 | P54: 40 | Q54: 5 | R54: SHIPPED | T54: DONE | U54: DONE | V54: DONE | W54: DONE | Z54: =+P54/J54 -> 1 | AA54: Received | AB54: SENT
E55: PRLS/25/12932 | F55: US | G55: 4702080081 | H55: 7289C PWDR PURPLE WHITE MULTI | I55: 710P03855503 | J55: 40 | P55: 40 | Q55: 5 | R55: SHIPPED | T55: DONE | U55: DONE | V55: DONE | W55: DONE | Z55: =+P55/J55 -> 1 | AB55: SENT
E56: PRLS/25/12933 | F56: US | G56: 4702080081 | H56: 7289B FADED MINT WHITE MULTI | I56: 710P03855504 | J56: 40 | P56: 40 | Q56: 5 | R56: SHIPPED | T56: DONE | U56: DONE | V56: DONE | W56: DONE | Z56: =+P56/J56 -> 1 | AA56: Received | AB56: SENT
E57: PRLS/25/12930 | F57: US | G57: 4702080082 | H57: 7289A HRBR ISLND BLUE WHT MLTI | I57: 710P03855501 | J57: 330 | P57: 330 | Q57: 55 | R57: SHIPPED | T57: DONE | U57: DONE | V57: DONE | W57: DONE | Z57: =+P57/J57 -> 1 | AA57: Received | AB57: SENT
E58: PRLS/25/12931 | F58: US | G58: 4702080082 | H58: 7289D COASTAL BEIGE WHT MULTI | I58: 710P03855502 | J58: 294 | P58: 294 | Q58: 49 | R58: SHIPPED | T58: DONE | U58: DONE | V58: DONE | W58: DONE | Z58: =+P58/J58 -> 1 | AA58: Received | AB58: SENT
E59: PRLS/25/12932 | F59: US | G59: 4702080082 | H59: 7289C PWDR PURPLE WHITE MULTI | I59: 710P03855503 | J59: 294 | P59: 294 | Q59: 49 | R59: SHIPPED | T59: DONE | U59: DONE | V59: DONE | W59: DONE | Z59: =+P59/J59 -> 1 | AB59: SENT
E60: PRLS/25/12933 | F60: US | G60: 4702080082 | H60: 7289B FADED MINT WHITE MULTI | I60: 710P03855504 | J60: 294 | P60: 294 | Q60: 49 | R60: SHIPPED | T60: DONE | U60: DONE | V60: DONE | W60: DONE | Z60: =+P60/J60 -> 1 | AA60: Received | AB60: SENT
E61: PRLS/25/12930 | F61: US | G61: 4702080083 | H61: 7289A HRBR ISLND BLUE WHT MLTI | I61: 710P03855501 | J61: 264 | P61: 264 | Q61: 33 | R61: SHIPPED | T61: DONE | U61: DONE | V61: DONE | W61: DONE | Z61: =+P61/J61 -> 1 | AA61: Received | AB61: SENT
E62: PRLS/25/12931 | F62: US | G62: 4702080083 | H62: 7289D COASTAL BEIGE WHT MULTI | I62: 710P03855502 | J62: 200 | P62: 200 | Q62: 25 | R62: SHIPPED | T62: DONE | U62: DONE | V62: DONE | W62: DONE | Z62: =+P62/J62 -> 1 | AA62: Received | AB62: SENT
E63: PRLS/25/12932 | F63: US | G63: 4702080083 | H63: 7289C PWDR PURPLE WHITE MULTI | I63: 710P03855503 | J63: 200 | P63: 200 | Q63: 25 | R63: SHIPPED | T63: DONE | U63: DONE | V63: DONE | W63: DONE | Z63: =+P63/J63 -> 1 | AB63: SENT
E64: PRLS/25/12933 | F64: US | G64: 4702080083 | H64: 7289B FADED MINT WHITE MULTI | I64: 710P03855504 | J64: 200 | P64: 200 | Q64: 25 | R64: SHIPPED | T64: DONE | U64: DONE | V64: DONE | W64: DONE | Z64: =+P64/J64 -> 1 | AA64: Received | AB64: SENT
E65: PRLS/25/12930 | F65: US | G65: 4702080084 | H65: 7289A HRBR ISLND BLUE WHT MLTI | I65: 710P03855501 | J65: 204 | P65: 204 | Q65: 34 | R65: SHIPPED | T65: DONE | U65: DONE | V65: DONE | W65: DONE | Z65: =+P65/J65 -> 1 | AA65: Received | AB65: SENT
E66: PRLS/25/12931 | F66: US | G66: 4702080084 | H66: 7289D COASTAL BEIGE WHT MULTI | I66: 710P03855502 | J66: 168 | P66: 168 | Q66: 28 | R66: SHIPPED | T66: DONE | U66: DONE | V66: DONE | W66: DONE | Z66: =+P66/J66 -> 1 | AA66: Received | AB66: SENT
E67: PRLS/25/12932 | F67: US | G67: 4702080084 | H67: 7289C PWDR PURPLE WHITE MULTI | I67: 710P03855503 | J67: 168 | P67: 168 | Q67: 28 | R67: SHIPPED | T67: DONE | U67: DONE | V67: DONE | W67: DONE | Z67: =+P67/J67 -> 1 | AB67: SENT
E68: PRLS/25/12933 | F68: US | G68: 4702080084 | H68: 7289B FADED MINT WHITE MULTI | I68: 710P03855504 | J68: 168 | P68: 168 | Q68: 28 | R68: SHIPPED | T68: DONE | U68: DONE | V68: DONE | W68: DONE | Z68: =+P68/J68 -> 1 | AA68: Received | AB68: SENT
E69: SUBTOTAL | J69: =SUM(J53:J68) -> 2944 | K69: =SUM(K53:K68) -> 0 | L69: =SUM(L53:L68) -> 0 | M69: =SUM(M53:M68) -> 0 | N69: =SUM(N53:N68) -> 0 | O69: =SUM(O53:O68) -> 0 | P69: =SUM(P53:P68) -> 2944 | Q69: =SUM(Q53:Q68) -> 448
E71: PRLS/25/12930 | F71: US | G71: 4702080085 | H71: 7289A HRBR ISLND BLUE WHT MLTI | I71: 710P03855501 | J71: 24 | P71: 24 | Q71: 2 | R71: SHIPPED | T71: DONE | U71: DONE | V71: DONE | W71: DONE | X71: IBKG0000253744 | Z71: =+P71/J71 -> 1 | AA71: Received | AB71: SENT
E72: PRLS/25/12930 | F72: US | G72: 4702080086 | H72: 7289A HRBR ISLND BLUE WHT MLTI | I72: 710P03855501 | J72: 90 | P72: 90 | Q72: 15 | R72: SHIPPED | T72: DONE | U72: DONE | V72: DONE | W72: DONE | Z72: =+P72/J72 -> 1 | AA72: Received | AB72: SENT
E73: PRLS/25/12931 | F73: US | G73: 4702080086 | H73: 7289D COASTAL BEIGE WHT MULTI | I73: 710P03855502 | J73: 72 | P73: 72 | Q73: 12 | R73: SHIPPED | T73: DONE | U73: DONE | V73: DONE | W73: DONE | Z73: =+P73/J73 -> 1 | AA73: Received | AB73: SENT
E74: PRLS/25/12932 | F74: US | G74: 4702080086 | H74: 7289C PWDR PURPLE WHITE MULTI | I74: 710P03855503 | J74: 72 | P74: 72 | Q74: 12 | R74: SHIPPED | T74: DONE | U74: DONE | V74: DONE | W74: DONE | Z74: =+P74/J74 -> 1 | AB74: SENT
E75: PRLS/25/12933 | F75: US | G75: 4702080086 | H75: 7289B FADED MINT WHITE MULTI | I75: 710P03855504 | J75: 72 | P75: 72 | Q75: 12 | R75: SHIPPED | T75: DONE | U75: DONE | V75: DONE | W75: DONE | Z75: =+P75/J75 -> 1 | AA75: Received | AB75: SENT
E76: PRLS/25/12930 | F76: US | G76: 4702080087 | H76: 7289A HRBR ISLND BLUE WHT MLTI | I76: 710P03855501 | J76: 12 | P76: 12 | Q76: 1 | R76: SHIPPED | T76: DONE | U76: DONE | V76: DONE | W76: DONE | Z76: =+P76/J76 -> 1 | AA76: Received | AB76: SENT
E77: PRLS/25/12931 | F77: US | G77: 4702080087 | H77: 7289D COASTAL BEIGE WHT MULTI | I77: 710P03855502 | J77: 12 | P77: 12 | Q77: 1 | R77: SHIPPED | T77: DONE | U77: DONE | V77: DONE | W77: DONE | Z77: =+P77/J77 -> 1 | AA77: Received | AB77: SENT
E78: PRLS/25/12932 | F78: US | G78: 4702080087 | H78: 7289C PWDR PURPLE WHITE MULTI | I78: 710P03855503 | J78: 12 | P78: 12 | Q78: 1 | R78: SHIPPED | T78: DONE | U78: DONE | V78: DONE | W78: DONE | Z78: =+P78/J78 -> 1 | AA78: Received | AB78: SENT
E79: PRLS/25/12933 | F79: US | G79: 4702080087 | H79: 7289B FADED MINT WHITE MULTI | I79: 710P03855504 | J79: 12 | P79: 12 | Q79: 1 | R79: SHIPPED | T79: DONE | U79: DONE | V79: DONE | W79: DONE | Z79: =+P79/J79 -> 1 | AA79: Received | AB79: SENT
E80: PRLS/25/12930 | F80: US | G80: 4702080088 | H80: 7289A HRBR ISLND BLUE WHT MLTI | I80: 710P03855501 | J80: 24 | P80: 24 | Q80: 2 | R80: SHIPPED | T80: DONE | U80: DONE | V80: DONE | W80: DONE | Z80: =+P80/J80 -> 1 | AA80: Received | AB80: SENT
E81: PRLS/25/12931 | F81: US | G81: 4702080088 | H81: 7289D COASTAL BEIGE WHT MULTI | I81: 710P03855502 | J81: 24 | P81: 24 | Q81: 2 | R81: SHIPPED | T81: DONE | U81: DONE | V81: DONE | W81: DONE | Z81: =+P81/J81 -> 1 | AA81: Received | AB81: SENT
E82: PRLS/25/12932 | F82: US | G82: 4702080088 | H82: 7289C PWDR PURPLE WHITE MULTI | I82: 710P03855503 | J82: 24 | P82: 24 | Q82: 2 | R82: SHIPPED | T82: DONE | U82: DONE | V82: DONE | W82: DONE | Z82: =+P82/J82 -> 1 | AB82: SENT
E83: PRLS/25/12933 | F83: US | G83: 4702080088 | H83: 7289B FADED MINT WHITE MULTI | I83: 710P03855504 | J83: 24 | P83: 24 | Q83: 2 | R83: SHIPPED | T83: DONE | U83: DONE | V83: DONE | W83: DONE | Z83: =+P83/J83 -> 1 | AA83: Received | AB83: SENT
E84: PRLS/25/12930 | F84: US | G84: 4702080089 | H84: 7289A HRBR ISLND BLUE WHT MLTI | I84: 710P03855501 | J84: 36 | P84: 36 | Q84: 3 | R84: SHIPPED | T84: DONE | U84: DONE | V84: DONE | W84: DONE | Z84: =+P84/J84 -> 1 | AA84: Received | AB84: SENT
E85: PRLS/25/12931 | F85: US | G85: 4702080089 | H85: 7289D COASTAL BEIGE WHT MULTI | I85: 710P03855502 | J85: 24 | P85: 24 | Q85: 2 | R85: SHIPPED | T85: DONE | U85: DONE | V85: DONE | W85: DONE | Z85: =+P85/J85 -> 1 | AA85: Received | AB85: SENT
E86: PRLS/25/12932 | F86: US | G86: 4702080089 | H86: 7289C PWDR PURPLE WHITE MULTI | I86: 710P03855503 | J86: 24 | P86: 24 | Q86: 2 | R86: SHIPPED | T86: DONE | U86: DONE | V86: DONE | W86: DONE | Z86: =+P86/J86 -> 1 | AB86: SENT
E87: PRLS/25/12933 | F87: US | G87: 4702080089 | H87: 7289B FADED MINT WHITE MULTI | I87: 710P03855504 | J87: 24 | P87: 24 | Q87: 2 | R87: SHIPPED | T87: DONE | U87: DONE | V87: DONE | W87: DONE | Z87: =+P87/J87 -> 1 | AA87: Received | AB87: SENT
E88: PRLS/25/12930 | F88: US | G88: 4702080090 | H88: 7289A HRBR ISLND BLUE WHT MLTI | I88: 710P03855501 | J88: 24 | P88: 24 | Q88: 2 | R88: SHIPPED | T88: DONE | U88: DONE | V88: DONE | W88: DONE | Z88: =+P88/J88 -> 1 | AA88: Received | AB88: SENT
E89: PRLS/25/12931 | F89: US | G89: 4702080090 | H89: 7289D COASTAL BEIGE WHT MULTI | I89: 710P03855502 | J89: 12 | P89: 12 | Q89: 1 | R89: SHIPPED | T89: DONE | U89: DONE | V89: DONE | W89: DONE | Z89: =+P89/J89 -> 1 | AA89: Received | AB89: SENT
E90: PRLS/25/12932 | F90: US | G90: 4702080090 | H90: 7289C PWDR PURPLE WHITE MULTI | I90: 710P03855503 | J90: 12 | P90: 12 | Q90: 1 | R90: SHIPPED | T90: DONE | U90: DONE | V90: DONE | W90: DONE | Z90: =+P90/J90 -> 1 | AB90: SENT
E91: PRLS/25/12933 | F91: US | G91: 4702080090 | H91: 7289B FADED MINT WHITE MULTI | I91: 710P03855504 | J91: 12 | P91: 12 | Q91: 1 | R91: SHIPPED | T91: DONE | U91: DONE | V91: DONE | W91: DONE | Z91: =+P91/J91 -> 1 | AA91: Received | AB91: SENT
E92: PRLS/25/12930 | F92: US | G92: 4702080091 | H92: 7289A HRBR ISLND BLUE WHT MLTI | I92: 710P03855501 | J92: 12 | P92: 12 | Q92: 1 | R92: SHIPPED | T92: DONE | U92: DONE | V92: DONE | W92: DONE | Z92: =+P92/J92 -> 1 | AA92: Received | AB92: SENT
E93: SUBTOTAL | J93: =SUM(J71:J92) -> 654 | K93: =SUM(K71:K92) -> 0 | L93: =SUM(L71:L92) -> 0 | M93: =SUM(M71:M92) -> 0 | N93: =SUM(N71:N92) -> 0 | O93: =SUM(O71:O92) -> 0 | P93: =SUM(P71:P92) -> 654 | Q93: =SUM(Q71:Q92) -> 80
C95: PF00 | D95: 20 | E95: PRLS/25/13161 | F95: US | G95: 4702095844 | H95: NEWPORT NAVY | I95: 710967632002 | J95: 3760 | P95: 3767 | Q95: 217 | R95: SHIPPED | T95: DONE | U95: DONE | V95: DONE | W95: DONE | X95: IBKG0000253679 | Z95: =+P95/J95 -> 1.0018617 | AB95: SENT
C96: PF00 | D96: 30 | E96: PRLS/25/13162 | F96: US | G96: 4702095844 | H96: SUPPLY OLIVE | I96: 710967632005 | J96: 3760 | P96: 3703 | Q96: 213 | R96: SHIPPED | V96: DONE | W96: DONE | Z96: =+P96/J96 -> 0.98484043
C97: PF00 | D97: 40 | E97: PRLS/25/13163 | F97: US | G97: 4702095844 | H97: POLO BLACK | I97: 710967632010 | J97: 2820 | P97: 2843 | Q97: 164 | R97: SHIPPED | T97: DONE | U97: DONE | V97: DONE | W97: DONE | Z97: =+P97/J97 -> 1.008156 | AB97: SENT
E98: SUBTOTAL | J98: =SUM(J95:J97) -> 10340 | K98: =SUM(K95:K97) -> 0 | L98: =SUM(L95:L97) -> 0 | M98: =SUM(M95:M97) -> 0 | N98: =SUM(N95:N97) -> 0 | O98: =SUM(O95:O97) -> 0 | P98: =SUM(P95:P97) -> 10313 | Q98: =SUM(Q95:Q97) -> 594
X99: IBKG0000253729
C100: TO40 | D100: 10 | E100: PRLS/25/13164 | F100: CANADA | G100: 4702095656 | H100: WHITE | I100: 710967894001 | J100: 240 | P100: 240 | Q100: 12 | R100: SHIPPED | T100: DONE | U100: DONE | V100: DONE | W100: DONE | Z100: =+P100/J100 -> 1 | AB100: SENT
C101: TO40 | D101: 20 | E101: PRLS/25/13166 | F101: CANADA | G101: 4702095656 | H101: NEWPORT NAVY | I101: 710967894002 | J101: 180 | P101: 180 | Q101: 9 | R101: SHIPPED | T101: DONE | U101: DONE | V101: DONE | W101: DONE | Z101: =+P101/J101 -> 1 | AA101: Received | AB101: SENT
C102: TO40 | D102: 30 | E102: PRLS/25/13167 | F102: CANADA | G102: 4702095656 | H102: POLO BLACK | I102: 710967894500 | J102: 72 | P102: 72 | Q102: 4 | R102: SHIPPED | T102: DONE | U102: DONE | V102: DONE | W102: DONE | Z102: =+P102/J102 -> 1 | AB102: SENT
C103: TO40 | D103: 10 | E103: PRLS/25/13165 | F103: CANADA | G103: 4702095661 | H103: 6937C WHITE WINE MULTI | I103: 710B29367001 | J103: 320 | P103: 327 | Q103: 20 | R103: SHIPPED | T103: DONE | U103: DONE | V103: DONE | W103: DONE | Z103: =+P103/J103 -> 1.021875 | AA103: Received | AB103: SENT
C104: TO40 | D104: 10 | E104: PRLS/25/13156 | F104: CANADA | G104: 4702095664 | H104: 6937B WHITE GREEN MULTI | I104: 710B29639001 | J104: 304 | P104: 304 | Q104: 19 | R104: SHIPPED | T104: DONE | U104: DONE | V104: DONE | W104: DONE | Z104: =+P104/J104 -> 1 | AB104: SENT
C105: TO40 | D105: 10 | E105: PRLS/25/13159 | F105: CANADA | G105: 4702096674 | H105: NEW FOREST | I105: 710804257063 | J105: 143 | P105: 143 | Q105: 4 | R105: SHIPPED | T105: DONE | U105: DONE | V105: DONE | W105: DONE | Z105: =+P105/J105 -> 1 | AB105: SENT
C106: TO40 | D106: 20 | E106: PRLS/25/13161 | F106: CANADA | G106: 4702095845 | H106: NEW FOREST | I106: 710967632002 | J106: 240 | P106: 240 | Q106: 14 | R106: SHIPPED | T106: DONE | U106: DONE | V106: DONE | W106: DONE | Z106: =+P106/J106 -> 1
C107: TO40 | D107: 30 | E107: PRLS/25/13162 | F107: CANADA | G107: 4702095845 | H107: SUPPLY OLIVE | I107: 710967632005 | J107: 240 | P107: 240 | Q107: 14 | R107: SHIPPED | T107: DONE | U107: DONE | V107: DONE | W107: DONE | Z107: =+P107/J107 -> 1
C108: TO40 | D108: 40 | E108: PRLS/25/13163 | F108: CANADA | G108: 4702095845 | H108: POLO BLACK | I108: 710967632010 | J108: 180 | P108: 180 | Q108: 11 | R108: SHIPPED | T108: DONE | U108: DONE | V108: DONE | W108: DONE | Z108: =+P108/J108 -> 1
E109: SUBTOTAL | J109: =SUM(J100:J108) -> 1919 | K109: =SUM(#REF!) -> #REF! | L109: =SUM(#REF!) -> #REF! | M109: =SUM(#REF!) -> #REF! | N109: =SUM(#REF!) -> #REF! | O109: =SUM(#REF!) -> #REF! | P109: =SUM(P100:P108) -> 1926 | Q109: =SUM(Q100:Q108) -> 107
G111: Grand TOTAL | J111: =+J37+J51+J69+J93+J98+J109 -> 25367 | K111: =+K37+K51+K69+K93+K98+K109 -> #REF! | L111: =+L37+L51+L69+L93+L98+L109 -> #REF! | M111: =+M37+M51+M69+M93+M98+M109 -> #REF! | N111: =+N37+N51+N69+N93+N98+N109 -> #REF! | O111: =+O37+O51+O69+O93+O98+O109 -> #REF! | P111: =+P37+P51+P69+P93+P98+P109 -> 25502 | Q111: =+Q37+Q51+Q69+Q93+Q98+Q109 -> 1713
G126: LCPEXP2526-3544
G127: LCPEXP2526-3545
G128: LCPEXP2526-3546
G129: LCPEXP2526-3547

Sheet CDD-12-04-2026 - SHIPPED
B3: SHIPMENT BOOKING
B4: CHENNAI SEA FOB | Truckout Date:05.04.2026 | CDD - 12.04.2026
B6: PLANT CODE | C6: LINE NO | D6: CON | E6: DESTINATION | F6: PO NO | G6: COLOR | H6: MATERIAL NO | I6: QTY | J6: CUT QTY | K6: Send to Wash / Dye | L6: Balance to Send | M6: Wash / Dye Received | N6: Balance to receive | O6: PACK/SHIP QTY | P6: CTNS | Q6: STATUS | R6: FI to be done by | S6: ASN | T6: WEIGHT | U6: WFX | V6: QC | W6: BOOKING NO | X6: DO | Y6: Ship Percentage | Z6: OCR | AA6: DRAFT
B7: CA10 | C7: 10 | D7: PRLS/25/13158 | E7: ITALY | F7: 4702096670 | G7: NEW FOREST | H7: 710798540083 | I7: 30 | O7: 30 | P7: 1 | Q7: Shipped | S7: DONE | T7: DONE | U7: DONE | W7: IBKG0000257316 | Y7: =+O7/I7 -> 1 | Z7: Received | AA7: SENT
D8: SUBTOTAL | I8: =SUM(I7) -> 30 | J8: =SUM(J7) -> 0 | K8: =SUM(K7) -> 0 | L8: =SUM(L7) -> 0 | M8: =SUM(M7) -> 0 | N8: =SUM(N7) -> 0 | O8: =SUM(O7) -> 30 | P8: =SUM(P7) -> 1
B10: CA20 | C10: 10 | D10: PRLS/25/13146 | E10: ITALY | F10: 4702095653 | G10: 5753 NAVY/GREEN MULTI | H10: 710942745001 | I10: 842 | O10: 748 | P10: 19 | Q10: Shipped | S10: DONE | T10: DONE | U10: DONE | V10: DONE | W10: IBKG0000257346 | Y10: =+O10/I10 -> 0.88836105
B11: CA20 | C11: 10 | D11: PRLS/25/13273 | E11: ITALY | F11: 4702095654 | G11: 6944 PINE NAVY MULTI | H11: 710953355003 | I11: 600 | O11: 519 | P11: 19 | Q11: Shipped | S11: DONE | T11: DONE | U11: DONE | X11: 1 st floor | Y11: =+O11/I11 -> 0.865
B12: CA20 | C12: 10 | D12: PRLS/25/13168 | E12: ITALY | F12: 4702095657 | G12: 6555A ROYAL WHITE | H12: 710968971001 | I12: 1406 | O12: 1443 | P12: 83 | Q12: Shipped | S12: DONE | T12: DONE | U12: DONE | Y12: =+O12/I12 -> 1.0263158
B13: CA20 | C13: 20 | D13: PRLS/25/13169 | E13: ITALY | F13: 4702095657 | G13: 6555H COASTAL BEIGE WHITE | H13: 710968971005 | I13: 1560 | O13: 1602 | P13: 92 | Q13: Shipped | S13: DONE | T13: DONE | U13: DONE | Y13: =+O13/I13 -> 1.0269231
B14: CA20 | C14: 10 | D14: PRLS/25/13171 | E14: ITALY | F14: 4702095658 | G14: 6671F ADIRONDACK BERRY WHITE | H14: 710968973003 | I14: 500 | O14: 508 | P14: 31 | Q14: Shipped | S14: DONE | T14: DONE | U14: DONE | Y14: =+O14/I14 -> 1.016
B15: CA20 | C15: 20 | D15: PRLS/25/13172 | E15: ITALY | F15: 4702095658 | G15: 6671E LOVAT WHITE | H15: 710968973004 | I15: 650 | O15: 660 | P15: 38 | Q15: Shipped | S15: DONE | T15: DONE | U15: DONE | Y15: =+O15/I15 -> 1.0153846
B16: CA20 | C16: 10 | D16: PRLS/25/13297 | E16: ITALY | F16: 4702095671 | G16: 6555H COASTAL BEIGE WHITE | H16: 710968971005 | I16: 506 | O16: 506 | P16: 23 | Q16: Shipped | S16: DONE | T16: DONE | U16: DONE | Y16: =+O16/I16 -> 1
B17: CA20 | C17: 10 | D17: PRLS/25/13297 | E17: ITALY | F17: 4702095672 | G17: 6555H COASTAL BEIGE WHITE | H17: 710968971005 | I17: 198 | O17: 198 | P17: 9 | Q17: Shipped | S17: DONE | T17: DONE | U17: DONE | Y17: =+O17/I17 -> 1
B18: CA20 | C18: 10 | D18: PRLS/25/13158 | E18: ITALY | F18: 4702096671 | G18: NEW FOREST | H18: 710798540083 | I18: 720 | O18: 648 | P18: 17 | Q18: Shipped | S18: DONE | T18: DONE | U18: DONE | Y18: =+O18/I18 -> 0.9 | Z18: Received | AA18: SENT
D19: SUBTOTAL | I19: =SUM(I10:I18) -> 6982 | J19: =SUM(J10:J18) -> 0 | K19: =SUM(K10:K18) -> 0 | L19: =SUM(L10:L18) -> 0 | M19: =SUM(M10:M18) -> 0 | N19: =SUM(N10:N18) -> 0 | O19: =SUM(O10:O18) -> 6832 | P19: =SUM(P10:P18) -> 331
B21: MUMBAI, SEA FOB | CDD - 12.04.2026
B24: HD00 | C24: 10 | D24: PRLS/25/13280 | E24: US | F24: 4702110011 | G24: 7404 PURPLE ORANGE MULTI | H24: 710B24259001 | I24: 320 | O24: 291 | P24: 9 | Q24: Shipped | S24: DONE | T24: DONE | U24: DONE | V24: DONE | W24: IBKG0000257357 | Y24: =+O24/I24 -> 0.909375
D25: SUBTOTAL | I25: =SUM(I24) -> 320 | J25: =SUM(J24) -> 0 | K25: =SUM(K24) -> 0 | L25: =SUM(L24) -> 0 | M25: =SUM(M24) -> 0 | N25: =SUM(N24) -> 0 | O25: =SUM(O24) -> 291 | P25: =SUM(P24) -> 9
B27: NW00 | C27: 10 | D27: PRLS/25/13280 | E27: US | F27: 4702110012 | G27: 7404 PURPLE ORANGE MULTI | H27: 710B24259001 | I27: 52 | O27: 52 | P27: 2 | Q27: Shipped | S27: DONE | T27: DONE | U27: DONE | V27: DONE | W27: IBKG0000257359 | Y27: =+O27/I27 -> 1
D28: SUBTOTAL | I28: =SUM(I27) -> 52 | J28: =SUM(J27) -> 0 | K28: =SUM(K27) -> 0 | L28: =SUM(L27) -> 0 | M28: =SUM(M27) -> 0 | N28: =SUM(N27) -> 0 | O28: =SUM(O27) -> 52 | P28: =SUM(P27) -> 2
B30: HD00 | C30: 10 | D30: PRLS/25/13278 | E30: US | F30: 4702096679 | G30: 6771 BLUE/WHITE | H30: 712973694001 | I30: 440 | O30: 444 | P30: 26 | Q30: Shipped | S30: DONE | T30: DONE | U30: DONE | V30: DONE | W30: IBKG0000257355 | X30: MUMBAI | Y30: =+O30/I30 -> 1.0090909 | Z30: Received | AA30: sent
B31: HD00 | C31: 20 | D31: PRLS/25/13279 | E31: US | F31: 4702096679 | G31: 6771C POWDER PURPLE WHITE | H31: 712973694500 | I31: 305 | O31: 284 | P31: 16 | Q31: Shipped | S31: DONE | T31: DONE | U31: DONE | V31: DONE | Y31: =+O31/I31 -> 0.93114754 | Z31: Recived | AA31: SENT
B32: HD00 | C32: 10 | D32: PRLS/25/13282 | E32: US | F32: 4702096680 | G32: 7428B WHITE PURPLE MULTI | H32: 712B26868001 | I32: 300 | O32: 293 | P32: 17 | Q32: Shipped | S32: DONE | T32: DONE | U32: DONE | V32: DONE | Y32: =+O32/I32 -> 0.97666667
B33: HD00 | C33: 20 | D33: PRLS/25/13283 | E33: US | F33: 4702096680 | G33: 7428A WHITE BLUE MULTI | H33: 712B26868002 | I33: 440 | O33: 431 | P33: 24 | Q33: Shipped | S33: DONE | T33: DONE | U33: DONE | V33: DONE | Y33: =+O33/I33 -> 0.97954545
B34: HD00 | C34: 10 | D34: PRLS/25/13284 | E34: US | F34: 4702096681 | G34: 7427B PURPLE WHITE MULTI | H34: 712B26869001 | I34: 300 | O34: 282 | P34: 17 | Q34: Shipped | S34: DONE | T34: DONE | U34: DONE | V34: DONE | Y34: =+O34/I34 -> 0.94
B35: HD00 | C35: 20 | D35: PRLS/25/13285 | E35: US | F35: 4702096681 | G35: 7427A BLUE WHITE MULTI | H35: 712B26869002 | I35: 300 | O35: 262 | P35: 16 | Q35: Shipped | S35: DONE | T35: DONE | U35: DONE | V35: DONE | Y35: =+O35/I35 -> 0.87333333
