Workbook

Sheet Dashboard
B2: HUGO BOSS | PACKING LIST DASHBOARD | J2: =TODAY() -> 46191
B4: TOTAL ORDER QUANTITY | F4: TOTAL CARTONS PACKED | J4: SIZES IN ORDER
B5: =IFERROR(SUM('input '!C12:J12),0) -> 289 | F5: =IFERROR(SUM(output!Z17:Z28),0) -> 12 | J5: =IFERROR(COUNTIF('input '!C12:J12,">0"),0) -> 8
B6: pieces | F6: cartons | J6: active sizes
B8: ▸ ORDER QUANTITY BY SIZE
B9: SIZE | C9: 36 | D9: 37 | E9: 38 | F9: 39 | G9: 40 | H9: 41 | I9: 42 | J9: 43 | K9: TOTAL
B10: Order Qty | C10: ='input '!C12 -> 3 | D10: ='input '!D12 -> 22 | E10: ='input '!E12 -> 44 | F10: ='input '!F12 -> 50 | G10: ='input '!G12 -> 61 | H10: ='input '!H12 -> 50 | I10: ='input '!I12 -> 37 | J10: ='input '!J12 -> 22 | K10: =SUM(C10:J10) -> 289
B11: Packed Qty | C11: =output!M29 -> 0 | D11: =output!N29 -> 0 | E11: =output!O29 -> 0 | F11: =output!P29 -> 0 | G11: =output!Q29 -> 0 | H11: =output!R29 -> 0 | I11: =output!S29 -> 0 | J11: =output!T29 -> 0 | K11: =SUM(C11:J11) -> 0
B12: Variance | C12: =C10-C11 -> 3 | D12: =D10-D11 -> 22 | E12: =E10-E11 -> 44 | F12: =F10-F11 -> 50 | G12: =G10-G11 -> 61 | H12: =H10-H11 -> 50 | I12: =I10-I11 -> 37 | J12: =J10-J11 -> 22 | K12: =SUM(C12:J12) -> 289
B13: Fill % | C13: =IFERROR(C11/C10,0) -> 0 | D13: =IFERROR(D11/D10,0) -> 0 | E13: =IFERROR(E11/E10,0) -> 0 | F13: =IFERROR(F11/F10,0) -> 0 | G13: =IFERROR(G11/G10,0) -> 0 | H13: =IFERROR(H11/H10,0) -> 0 | I13: =IFERROR(I11/I10,0) -> 0 | J13: =IFERROR(J11/J10,0) -> 0 | K13: =IFERROR(K11/K10,0) -> 0
B15: ▸ CARTON ALLOCATION SUMMARY
B16: Carton Range | C16: PO No | D16: Style No | E16: Sizes Used | F16: N° Ctns | G16: Pcs/ Ctn | H16: Total Pcs | I16: GW (kg) | J16: NW (kg) | K16: Ctn Size
B17: =IFERROR(output!A17&" – "&output!C17,"") -> 1 – 1 | C17: =IFERROR(output!D17,"") -> 0 | D17: =IFERROR(output!E17,"") -> 0 | E17: =IFERROR(COUNTIF(output!M17:Y17,">0"),"") -> 0 | F17: =IFERROR(output!Z17,"") -> 1 | G17: =IFERROR(output!AA17,"") -> 0 | H17: =IFERROR(output!AB17,"") -> 0 | I17: =IFERROR(output!AC17,"") -> 1.75 | J17: =IFERROR(output!AD17,"") -> 0 | K17: =IFERROR(output!AG17,"") -> 584X382X312 MM
B18: =IFERROR(output!A18&" – "&output!C18,"") -> 2 – 2 | C18: =IFERROR(output!D18,"") -> 0 | D18: =IFERROR(output!E18,"") -> 0 | E18: =IFERROR(COUNTIF(output!M18:Y18,">0"),"") -> 0 | F18: =IFERROR(output!Z18,"") -> 1 | G18: =IFERROR(output!AA18,"") -> 0 | H18: =IFERROR(output!AB18,"") -> 0 | I18: =IFERROR(output!AC18,"") -> 1.75 | J18: =IFERROR(output!AD18,"") -> 0 | K18: =IFERROR(output!AG18,"") -> 584X382X312 MM
B19: =IFERROR(output!A19&" – "&output!C19,"") -> 3 – 3 | C19: =IFERROR(output!D19,"") -> 0 | D19: =IFERROR(output!E19,"") -> 0 | E19: =IFERROR(COUNTIF(output!M19:Y19,">0"),"") -> 0 | F19: =IFERROR(output!Z19,"") -> 1 | G19: =IFERROR(output!AA19,"") -> 0 | H19: =IFERROR(output!AB19,"") -> 0 | I19: =IFERROR(output!AC19,"") -> 1.75 | J19: =IFERROR(output!AD19,"") -> 0 | K19: =IFERROR(output!AG19,"") -> 584X382X312 MM
B20: =IFERROR(output!A20&" – "&output!C20,"") -> 4 – 4 | C20: =IFERROR(output!D20,"") -> 0 | D20: =IFERROR(output!E20,"") -> 0 | E20: =IFERROR(COUNTIF(output!M20:Y20,">0"),"") -> 0 | F20: =IFERROR(output!Z20,"") -> 1 | G20: =IFERROR(output!AA20,"") -> 0 | H20: =IFERROR(output!AB20,"") -> 0 | I20: =IFERROR(output!AC20,"") -> 1.75 | J20: =IFERROR(output!AD20,"") -> 0 | K20: =IFERROR(output!AG20,"") -> 584X382X312 MM
B21: =IFERROR(output!A21&" – "&output!C21,"") -> 5 – 5 | C21: =IFERROR(output!D21,"") -> 0 | D21: =IFERROR(output!E21,"") -> 0 | E21: =IFERROR(COUNTIF(output!M21:Y21,">0"),"") -> 0 | F21: =IFERROR(output!Z21,"") -> 1 | G21: =IFERROR(output!AA21,"") -> 0 | H21: =IFERROR(output!AB21,"") -> 0 | I21: =IFERROR(output!AC21,"") -> 1.75 | J21: =IFERROR(output!AD21,"") -> 0 | K21: =IFERROR(output!AG21,"") -> 584X382X312 MM
B22: =IFERROR(output!A22&" – "&output!C22,"") -> 6 – 6 | C22: =IFERROR(output!D22,"") -> 0 | D22: =IFERROR(output!E22,"") -> 0 | E22: =IFERROR(COUNTIF(output!M22:Y22,">0"),"") -> 0 | F22: =IFERROR(output!Z22,"") -> 1 | G22: =IFERROR(output!AA22,"") -> 0 | H22: =IFERROR(output!AB22,"") -> 0 | I22: =IFERROR(output!AC22,"") -> 1.75 | J22: =IFERROR(output!AD22,"") -> 0 | K22: =IFERROR(output!AG22,"") -> 584X382X312 MM
B23: =IFERROR(output!A23&" – "&output!C23,"") -> 7 – 7 | C23: =IFERROR(output!D23,"") -> 0 | D23: =IFERROR(output!E23,"") -> 0 | E23: =IFERROR(COUNTIF(output!M23:Y23,">0"),"") -> 0 | F23: =IFERROR(output!Z23,"") -> 1 | G23: =IFERROR(output!AA23,"") -> 0 | H23: =IFERROR(output!AB23,"") -> 0 | I23: =IFERROR(output!AC23,"") -> 1.75 | J23: =IFERROR(output!AD23,"") -> 0 | K23: =IFERROR(output!AG23,"") -> 584X382X312 MM
B24: =IFERROR(output!A24&" – "&output!C24,"") -> 8 – 8 | C24: =IFERROR(output!D24,"") -> 0 | D24: =IFERROR(output!E24,"") -> 0 | E24: =IFERROR(COUNTIF(output!M24:Y24,">0"),"") -> 0 | F24: =IFERROR(output!Z24,"") -> 1 | G24: =IFERROR(output!AA24,"") -> 0 | H24: =IFERROR(output!AB24,"") -> 0 | I24: =IFERROR(output!AC24,"") -> 1.75 | J24: =IFERROR(output!AD24,"") -> 0 | K24: =IFERROR(output!AG24,"") -> 584X382X312 MM
B25: =IFERROR(output!A25&" – "&output!C25,"") -> 9 – 9 | C25: =IFERROR(output!D25,"") -> 0 | D25: =IFERROR(output!E25,"") -> 0 | E25: =IFERROR(COUNTIF(output!M25:Y25,">0"),"") -> 0 | F25: =IFERROR(output!Z25,"") -> 1 | G25: =IFERROR(output!AA25,"") -> 0 | H25: =IFERROR(output!AB25,"") -> 0 | I25: =IFERROR(output!AC25,"") -> 1.75 | J25: =IFERROR(output!AD25,"") -> 0 | K25: =IFERROR(output!AG25,"") -> 584X382X312 MM
B26: =IFERROR(output!A26&" – "&output!C26,"") -> 10 – 10 | C26: =IFERROR(output!D26,"") -> 0 | D26: =IFERROR(output!E26,"") -> 0 | E26: =IFERROR(COUNTIF(output!M26:Y26,">0"),"") -> 0 | F26: =IFERROR(output!Z26,"") -> 1 | G26: =IFERROR(output!AA26,"") -> 0 | H26: =IFERROR(output!AB26,"") -> 0 | I26: =IFERROR(output!AC26,"") -> 1.75 | J26: =IFERROR(output!AD26,"") -> 0 | K26: =IFERROR(output!AG26,"") -> 584X382X312 MM
B27: =IFERROR(output!A27&" – "&output!C27,"") -> 11 – 11 | C27: =IFERROR(output!D27,"") -> 0 | D27: =IFERROR(output!E27,"") -> 0 | E27: =IFERROR(COUNTIF(output!M27:Y27,">0"),"") -> 0 | F27: =IFERROR(output!Z27,"") -> 1 | G27: =IFERROR(output!AA27,"") -> 0 | H27: =IFERROR(output!AB27,"") -> 0 | I27: =IFERROR(output!AC27,"") -> 1.75 | J27: =IFERROR(output!AD27,"") -> 0 | K27: =IFERROR(output!AG27,"") -> 584X382X312 MM
B28: =IFERROR(output!A28&" – "&output!C28,"") -> 12 – 12 | C28: =IFERROR(output!D28,"") -> 0 | D28: =IFERROR(output!E28,"") -> 0 | E28: =IFERROR(COUNTIF(output!M28:Y28,">0"),"") -> 0 | F28: =IFERROR(output!Z28,"") -> 1 | G28: =IFERROR(output!AA28,"") -> 0 | H28: =IFERROR(output!AB28,"") -> 0 | I28: =IFERROR(output!AC28,"") -> 1.75 | J28: =IFERROR(output!AD28,"") -> 0 | K28: =IFERROR(output!AG28,"") -> 584X382X312 MM
B29: TOTAL | F29: =SUM(F17:F28) -> 12 | H29: =SUM(H17:H28) -> 0 | I29: =SUM(I17:I28) -> 21 | J29: =SUM(J17:J28) -> 0
B31: ▸ PACKING EFFICIENCY
B32: TOTAL CARTONS | F32: CARTON ROWS GENERATED | J32: FILL RATE
B33: =IFERROR(SUM(output!Z17:Z28),0) -> 12 | F33: =IFERROR(COUNTA(output!D17:D28),0) -> 0 | J33: =IFERROR(SUM(output!M29:Y29)/SUM('input '!C12:J12),0) -> 0
B34: ctns | F34: ctns | J34: of order qty

Sheet input 
B2: PACKING LIST | INPUT SHEET
B4: ORDER DETAILS | E4: CARTON SETTINGS
B5: Style No | C5: 50576369 | E5: PO No | F5: 4901895794 | H5: Capacity (pcs): | J5: 14
B6: Color | C6: Dark Blue | E6: Item | F6: 00010
B7: Colour N° | C7: 404 | E7: Form Name | F7: H-HANK-SP-C1-271
B8: Form No | C8: 326746 | E8: Quality | F8: 10284557
B10: ORDER QUANTITY BY SIZE
B11: SIZE | C11: 36 | D11: 37 | E11: 38 | F11: 39 | G11: 40 | H11: 41 | I11: 42 | J11: 43 | K11: TOTAL
B12: ORDER QTY | C12: 3 | D12: 22 | E12: 44 | F12: 50 | G12: 61 | H12: 50 | I12: 37 | J12: 22 | K12: =SUM(C12:J12) -> 289
C13: 36 | D13: 37 | E13: 38 | F13: 39 | G13: 40 | H13: 41 | I13: 42 | J13: 43
B15: HOW TO USE
B16: 1. Fill in Order Details: Style No, PO No, Color, Form No, Quality, Item
B17: 2. Enter order quantities by size in the yellow input cells (row 12)
B18: 3. Run macro: Alt + F8 → GeneratePackingList → Run
B19: 4. Check the Output sheet and Dashboard for the generated packing list

Sheet output
A1: HUGO BOSS | PACKING LIST OUTPUT
Z2: Supplier Name:
Z3: Laguna Clothing PVT LTD
Z4: 143/2 Kalegowdana Doddi
Z5: BM Road, NH 209, Kanakpura Taluk
Z6: 562117 RAMANAGARA
Z7: India
Z11: CON NO:
A15: Carton N° | D15: PO NO | E15: STYLE NO | F15: FORM NO | G15: FORM NAME | H15: QUALITY | I15: Colour N° | J15: Colour | K15: ITEM
M16: 36 | N16: 37 | O16: 38 | P16: 39 | Q16: 40 | R16: 41 | S16: 42 | T16: 43 | U16: 44 | V16: 45 | W16: 46 | X16: 47 | Y16: 48 | Z16: N° Cartons | AA16: Per CTN | AB16: Total Pcs | AC16: GW/ctn | AD16: NW/ctn | AE16: GW | AF16: NW | AG16: Ctn Size
A17: 1 | B17: - | C17: =+A17+Z17-1 -> 1 | Z17: 1 | AA17: =SUM(M17:Y17) -> 0 | AB17: =AA17*Z17 -> 0 | AC17: =1.75*Z17+AD17 -> 1.75 | AD17: =0.257*M17+0.259*N17+0.268*O17+0.27*P17+0.278*Q17+0.281*R17+0.288*S17+0.293*T17+0.3*U17+0.307*V17+0.314*W17+0.321*X17+0.328*Y17 -> 0 | AE17: =AC17 -> 1.75 | AF17: =AD17 -> 0 | AG17: 584X382X312 MM
A18: =+C17+1 -> 2 | B18: - | C18: =+A18+Z18-1 -> 2 | Z18: 1 | AA18: =SUM(M18:Y18) -> 0 | AB18: =AA18*Z18 -> 0 | AC18: =1.75*Z18+AD18 -> 1.75 | AD18: =0.257*M18+0.259*N18+0.268*O18+0.27*P18+0.278*Q18+0.281*R18+0.288*S18+0.293*T18+0.3*U18+0.307*V18+0.314*W18+0.321*X18+0.328*Y18 -> 0 | AE18: =AC18 -> 1.75 | AF18: =AD18 -> 0 | AG18: 584X382X312 MM
A19: =+C18+1 -> 3 | B19: - | C19: =+A19+Z19-1 -> 3 | Z19: 1 | AA19: =SUM(M19:Y19) -> 0 | AB19: =AA19*Z19 -> 0 | AC19: =1.75*Z19+AD19 -> 1.75 | AD19: =0.257*M19+0.259*N19+0.268*O19+0.27*P19+0.278*Q19+0.281*R19+0.288*S19+0.293*T19+0.3*U19+0.307*V19+0.314*W19+0.321*X19+0.328*Y19 -> 0 | AE19: =AC19 -> 1.75 | AF19: =AD19 -> 0 | AG19: 584X382X312 MM
A20: =+C19+1 -> 4 | B20: - | C20: =+A20+Z20-1 -> 4 | Z20: 1 | AA20: =SUM(M20:Y20) -> 0 | AB20: =AA20*Z20 -> 0 | AC20: =1.75*Z20+AD20 -> 1.75 | AD20: =0.257*M20+0.259*N20+0.268*O20+0.27*P20+0.278*Q20+0.281*R20+0.288*S20+0.293*T20+0.3*U20+0.307*V20+0.314*W20+0.321*X20+0.328*Y20 -> 0 | AE20: =AC20 -> 1.75 | AF20: =AD20 -> 0 | AG20: 584X382X312 MM
A21: =+C20+1 -> 5 | B21: - | C21: =+A21+Z21-1 -> 5 | Z21: 1 | AA21: =SUM(M21:Y21) -> 0 | AB21: =AA21*Z21 -> 0 | AC21: =1.75*Z21+AD21 -> 1.75 | AD21: =0.257*M21+0.259*N21+0.268*O21+0.27*P21+0.278*Q21+0.281*R21+0.288*S21+0.293*T21+0.3*U21+0.307*V21+0.314*W21+0.321*X21+0.328*Y21 -> 0 | AE21: =AC21 -> 1.75 | AF21: =AD21 -> 0 | AG21: 584X382X312 MM
A22: =+C21+1 -> 6 | B22: - | C22: =+A22+Z22-1 -> 6 | Z22: 1 | AA22: =SUM(M22:Y22) -> 0 | AB22: =AA22*Z22 -> 0 | AC22: =1.75*Z22+AD22 -> 1.75 | AD22: =0.257*M22+0.259*N22+0.268*O22+0.27*P22+0.278*Q22+0.281*R22+0.288*S22+0.293*T22+0.3*U22+0.307*V22+0.314*W22+0.321*X22+0.328*Y22 -> 0 | AE22: =AC22 -> 1.75 | AF22: =AD22 -> 0 | AG22: 584X382X312 MM
A23: =+C22+1 -> 7 | B23: - | C23: =+A23+Z23-1 -> 7 | Z23: 1 | AA23: =SUM(M23:Y23) -> 0 | AB23: =AA23*Z23 -> 0 | AC23: =1.75*Z23+AD23 -> 1.75 | AD23: =0.257*M23+0.259*N23+0.268*O23+0.27*P23+0.278*Q23+0.281*R23+0.288*S23+0.293*T23+0.3*U23+0.307*V23+0.314*W23+0.321*X23+0.328*Y23 -> 0 | AE23: =AC23 -> 1.75 | AF23: =AD23 -> 0 | AG23: 584X382X312 MM
A24: =+C23+1 -> 8 | B24: - | C24: =+A24+Z24-1 -> 8 | Z24: 1 | AA24: =SUM(M24:Y24) -> 0 | AB24: =AA24*Z24 -> 0 | AC24: =1.75*Z24+AD24 -> 1.75 | AD24: =0.257*M24+0.259*N24+0.268*O24+0.27*P24+0.278*Q24+0.281*R24+0.288*S24+0.293*T24+0.3*U24+0.307*V24+0.314*W24+0.321*X24+0.328*Y24 -> 0 | AE24: =AC24 -> 1.75 | AF24: =AD24 -> 0 | AG24: 584X382X312 MM
A25: =+C24+1 -> 9 | B25: - | C25: =+A25+Z25-1 -> 9 | Z25: 1 | AA25: =SUM(M25:Y25) -> 0 | AB25: =AA25*Z25 -> 0 | AC25: =1.75*Z25+AD25 -> 1.75 | AD25: =0.257*M25+0.259*N25+0.268*O25+0.27*P25+0.278*Q25+0.281*R25+0.288*S25+0.293*T25+0.3*U25+0.307*V25+0.314*W25+0.321*X25+0.328*Y25 -> 0 | AE25: =AC25 -> 1.75 | AF25: =AD25 -> 0 | AG25: 584X382X312 MM
A26: =+C25+1 -> 10 | B26: - | C26: =+A26+Z26-1 -> 10 | Z26: 1 | AA26: =SUM(M26:Y26) -> 0 | AB26: =AA26*Z26 -> 0 | AC26: =1.75*Z26+AD26 -> 1.75 | AD26: =0.257*M26+0.259*N26+0.268*O26+0.27*P26+0.278*Q26+0.281*R26+0.288*S26+0.293*T26+0.3*U26+0.307*V26+0.314*W26+0.321*X26+0.328*Y26 -> 0 | AE26: =AC26 -> 1.75 | AF26: =AD26 -> 0 | AG26: 584X382X312 MM
A27: =+C26+1 -> 11 | B27: - | C27: =+A27+Z27-1 -> 11 | Z27: 1 | AA27: =SUM(M27:Y27) -> 0 | AB27: =AA27*Z27 -> 0 | AC27: =1.75*Z27+AD27 -> 1.75 | AD27: =0.257*M27+0.259*N27+0.268*O27+0.27*P27+0.278*Q27+0.281*R27+0.288*S27+0.293*T27+0.3*U27+0.307*V27+0.314*W27+0.321*X27+0.328*Y27 -> 0 | AE27: =AC27 -> 1.75 | AF27: =AD27 -> 0 | AG27: 584X382X312 MM
A28: =+C27+1 -> 12 | B28: - | C28: =+A28+Z28-1 -> 12 | Z28: 1 | AA28: =SUM(M28:Y28) -> 0 | AB28: =AA28*Z28 -> 0 | AC28: =1.75*Z28+AD28 -> 1.75 | AD28: =0.257*M28+0.259*N28+0.268*O28+0.27*P28+0.278*Q28+0.281*R28+0.288*S28+0.293*T28+0.3*U28+0.307*V28+0.314*W28+0.321*X28+0.328*Y28 -> 0 | AE28: =AC28 -> 1.75 | AF28: =AD28 -> 0 | AG28: 584X382X312 MM
A29: S-TOTAL | M29: =SUM(M17:M28) -> 0 | N29: =SUM(N17:N28) -> 0 | O29: =SUM(O17:O28) -> 0 | P29: =SUM(P17:P28) -> 0 | Q29: =SUM(Q17:Q28) -> 0 | R29: =SUM(R17:R28) -> 0 | S29: =SUM(S17:S28) -> 0 | T29: =SUM(T17:T28) -> 0 | ... Z29: =SUM(Z17:Z28) -> 12 | AB29: =SUM(AB17:AB28) -> 0 | AC29: =SUM(AC17:AC28) -> 21 | AD29: =SUM(AD17:AD28) -> 0 | AE29: =SUM(AE17:AE28) -> 21 | AF29: =SUM(AF17:AF28) -> 0
K33: SUMMARY — ORDER vs PACKED
L34: - | M34: 36 | N34: 37 | O34: 38 | P34: 39 | Q34: 40 | R34: 41 | S34: 42 | T34: 43 | U34: 44 | V34: 45 | W34: 46 | X34: 47 | Y34: TOTAL
L35: Order | M35: ='input '!C12 -> 3 | N35: ='input '!D12 -> 22 | O35: ='input '!E12 -> 44 | P35: ='input '!F12 -> 50 | Q35: ='input '!G12 -> 61 | R35: ='input '!H12 -> 50 | S35: ='input '!I12 -> 37 | T35: ='input '!J12 -> 22 | Y35: =SUM(M35:T35) -> 289
L36: Packed | M36: =M29 -> 0 | N36: =N29 -> 0 | O36: =O29 -> 0 | P36: =P29 -> 0 | Q36: =Q29 -> 0 | R36: =R29 -> 0 | S36: =S29 -> 0 | T36: =T29 -> 0 | Y36: =SUM(M36:T36) -> 0
L37: Variance | M37: =M35-M36 -> 3 | N37: =N35-N36 -> 22 | O37: =O35-O36 -> 44 | P37: =P35-P36 -> 50 | Q37: =Q35-Q36 -> 61 | R37: =R35-R36 -> 50 | S37: =S35-S36 -> 37 | T37: =T35-T36 -> 22 | Y37: =SUM(M37:T37) -> 289
