Workbook

Sheet input 
B2: PACKING LIST | INPUT SHEET
B4: ORDER DETAILS | E4: CARTON SETTINGS
B5: Style No | C5: 50576369 | E5: PO No | F5: 4901895794 | H5: Capacity (pcs): | J5: 14
B6: Color | C6: Dark Blue | E6: Item | F6: 00010
B7: Colour N° | C7: 404 | E7: Form Name | F7: H-HANK-SP-C1-271
B8: Form No | C8: 326746 | E8: Quality | F8: 10284557
B10: ORDER QUANTITY BY SIZE
B11: SIZE | C11: 36 | D11: 37 | E11: 38 | F11: 39 | G11: 40 | H11: 41 | I11: 42 | J11: 43 | K11: TOTAL
B12: ORDER QTY | C12: 3 | D12: 22 | E12: 44 | F12: 50 | G12: 61 | H12: 50 | I12: 37 | J12: 22 | K12: =SUM(C12:J12) -> 289
C13: 36 | D13: 37 | E13: 38 | F13: 39 | G13: 40 | H13: 41 | I13: 42 | J13: 43
B15: HOW TO USE
B16: 1. Fill in Order Details: Style No, PO No, Color, Form No, Quality, Item
B17: 2. Enter order quantities by size in the yellow input cells (row 12)
B18: 3. Run macro: Alt + F8 → GeneratePackingList → Run
B19: 4. Check the Output sheet and Dashboard for the generated packing list

Sheet output
A1: HUGO BOSS | PACKING LIST OUTPUT
Z2: Supplier Name:
Z3: Laguna Clothing PVT LTD
Z4: 143/2 Kalegowdana Doddi
Z5: BM Road, NH 209, Kanakpura Taluk
Z6: 562117 RAMANAGARA
Z7: India
Z11: CON NO:
A15: Carton N° | D15: PO NO | E15: STYLE NO | F15: FORM NO | G15: FORM NAME | H15: QUALITY | I15: Colour N° | J15: Colour | K15: ITEM
M16: 36 | N16: 37 | O16: 38 | P16: 39 | Q16: 40 | R16: 41 | S16: 42 | T16: 43 | U16: 44 | V16: 45 | W16: 46 | X16: 47 | Y16: 48 | Z16: N° Cartons | AA16: Per CTN | AB16: Total Pcs | AC16: GW/ctn | AD16: NW/ctn | AE16: GW | AF16: NW | AG16: Ctn Size
A17: 1 | B17: - | C17: 1 | D17: 4901895794 | E17: 50576369 | F17: 326746 | G17: H-HANK-SP-C1-271 | H17: 10284557 | I17: 404 | J17: Dark Blue | K17: 10 | N17: 14 | Z17: 1 | AA17: =SUM(M17:Y17) -> 14 | AB17: =AA17*Z17 -> 14 | AG17: 584X382X312 MM
A18: 2 | B18: - | C18: 2 | D18: 4901895794 | E18: 50576369 | F18: 326746 | G18: H-HANK-SP-C1-271 | H18: 10284557 | I18: 404 | J18: Dark Blue | K18: 10 | O18: 14 | Z18: 1 | AA18: =SUM(M18:Y18) -> 14 | AB18: =AA18*Z18 -> 14 | AG18: 584X382X312 MM
A19: 3 | B19: - | C19: 3 | D19: 4901895794 | E19: 50576369 | F19: 326746 | G19: H-HANK-SP-C1-271 | H19: 10284557 | I19: 404 | J19: Dark Blue | K19: 10 | O19: 14 | Z19: 1 | AA19: =SUM(M19:Y19) -> 14 | AB19: =AA19*Z19 -> 14 | AG19: 584X382X312 MM
A20: 4 | B20: - | C20: 4 | D20: 4901895794 | E20: 50576369 | F20: 326746 | G20: H-HANK-SP-C1-271 | H20: 10284557 | I20: 404 | J20: Dark Blue | K20: 10 | O20: 14 | Z20: 1 | AA20: =SUM(M20:Y20) -> 14 | AB20: =AA20*Z20 -> 14 | AG20: 584X382X312 MM
A21: 5 | B21: - | C21: 5 | D21: 4901895794 | E21: 50576369 | F21: 326746 | G21: H-HANK-SP-C1-271 | H21: 10284557 | I21: 404 | J21: Dark Blue | K21: 10 | P21: 14 | Z21: 1 | AA21: =SUM(M21:Y21) -> 14 | AB21: =AA21*Z21 -> 14 | AG21: 584X382X312 MM
A22: 6 | B22: - | C22: 6 | D22: 4901895794 | E22: 50576369 | F22: 326746 | G22: H-HANK-SP-C1-271 | H22: 10284557 | I22: 404 | J22: Dark Blue | K22: 10 | P22: 14 | Z22: 1 | AA22: =SUM(M22:Y22) -> 14 | AB22: =AA22*Z22 -> 14 | AG22: 584X382X312 MM
A23: 7 | B23: - | C23: 7 | D23: 4901895794 | E23: 50576369 | F23: 326746 | G23: H-HANK-SP-C1-271 | H23: 10284557 | I23: 404 | J23: Dark Blue | K23: 10 | P23: 14 | Z23: 1 | AA23: =SUM(M23:Y23) -> 14 | AB23: =AA23*Z23 -> 14 | AG23: 584X382X312 MM
A24: 8 | B24: - | C24: 8 | D24: 4901895794 | E24: 50576369 | F24: 326746 | G24: H-HANK-SP-C1-271 | H24: 10284557 | I24: 404 | J24: Dark Blue | K24: 10 | Q24: 14 | Z24: 1 | AA24: =SUM(M24:Y24) -> 14 | AB24: =AA24*Z24 -> 14 | AG24: 584X382X312 MM
A25: 9 | B25: - | C25: 9 | D25: 4901895794 | E25: 50576369 | F25: 326746 | G25: H-HANK-SP-C1-271 | H25: 10284557 | I25: 404 | J25: Dark Blue | K25: 10 | Q25: 14 | Z25: 1 | AA25: =SUM(M25:Y25) -> 14 | AB25: =AA25*Z25 -> 14 | AG25: 584X382X312 MM
A26: 10 | B26: - | C26: 10 | D26: 4901895794 | E26: 50576369 | F26: 326746 | G26: H-HANK-SP-C1-271 | H26: 10284557 | I26: 404 | J26: Dark Blue | K26: 10 | Q26: 14 | Z26: 1 | AA26: =SUM(M26:Y26) -> 14 | AB26: =AA26*Z26 -> 14 | AG26: 584X382X312 MM
A27: 11 | B27: - | C27: 11 | D27: 4901895794 | E27: 50576369 | F27: 326746 | G27: H-HANK-SP-C1-271 | H27: 10284557 | I27: 404 | J27: Dark Blue | K27: 10 | Q27: 14 | Z27: 1 | AA27: =SUM(M27:Y27) -> 14 | AB27: =AA27*Z27 -> 14 | AG27: 584X382X312 MM
A28: 12 | B28: - | C28: 12 | D28: 4901895794 | E28: 50576369 | F28: 326746 | G28: H-HANK-SP-C1-271 | H28: 10284557 | I28: 404 | J28: Dark Blue | K28: 10 | R28: 14 | Z28: 1 | AA28: =SUM(M28:Y28) -> 14 | AB28: =AA28*Z28 -> 14 | AG28: 584X382X312 MM
A29: 13 | B29: - | C29: 13 | D29: 4901895794 | E29: 50576369 | F29: 326746 | G29: H-HANK-SP-C1-271 | H29: 10284557 | I29: 404 | J29: Dark Blue | K29: 10 | R29: 14 | Z29: 1 | AA29: =SUM(M29:Y29) -> 14 | AB29: =AA29*Z29 -> 14 | AG29: 584X382X312 MM
A30: 14 | B30: - | C30: 14 | D30: 4901895794 | E30: 50576369 | F30: 326746 | G30: H-HANK-SP-C1-271 | H30: 10284557 | I30: 404 | J30: Dark Blue | K30: 10 | R30: 14 | Z30: 1 | AA30: =SUM(M30:Y30) -> 14 | AB30: =AA30*Z30 -> 14 | AG30: 584X382X312 MM
A31: 15 | B31: - | C31: 15 | D31: 4901895794 | E31: 50576369 | F31: 326746 | G31: H-HANK-SP-C1-271 | H31: 10284557 | I31: 404 | J31: Dark Blue | K31: 10 | S31: 14 | Z31: 1 | AA31: =SUM(M31:Y31) -> 14 | AB31: =AA31*Z31 -> 14 | AG31: 584X382X312 MM
A32: 16 | B32: - | C32: 16 | D32: 4901895794 | E32: 50576369 | F32: 326746 | G32: H-HANK-SP-C1-271 | H32: 10284557 | I32: 404 | J32: Dark Blue | K32: 10 | S32: 14 | Z32: 1 | AA32: =SUM(M32:Y32) -> 14 | AB32: =AA32*Z32 -> 14 | AG32: 584X382X312 MM
A33: 17 | B33: - | C33: 17 | D33: 4901895794 | E33: 50576369 | F33: 326746 | G33: H-HANK-SP-C1-271 | H33: 10284557 | I33: 404 | J33: Dark Blue | K33: 10 | T33: 14 | Z33: 1 | AA33: =SUM(M33:Y33) -> 14 | AB33: =AA33*Z33 -> 14 | AG33: 584X382X312 MM
A34: 18 | B34: MIX | C34: 18 | D34: 4901895794 | E34: 50576369 | F34: 326746 | G34: H-HANK-SP-C1-271 | H34: 10284557 | I34: 404 | J34: Dark Blue | K34: 10 | N34: 2 | R34: 3 | S34: 9 | Z34: 1 | AA34: =SUM(M34:Y34) -> 14 | AB34: =AA34*Z34 -> 14 | AG34: 584X382X312 MM
A35: 19 | B35: MIX | C35: 19 | D35: 4901895794 | E35: 50576369 | F35: 326746 | G35: H-HANK-SP-C1-271 | H35: 10284557 | I35: 404 | J35: Dark Blue | K35: 10 | M35: 1 | P35: 8 | Q35: 5 | Z35: 1 | AA35: =SUM(M35:Y35) -> 14 | AB35: =AA35*Z35 -> 14 | AG35: 584X382X312 MM
A36: 20 | B36: MIX | C36: 20 | D36: 4901895794 | E36: 50576369 | F36: 326746 | G36: H-HANK-SP-C1-271 | H36: 10284557 | I36: 404 | J36: Dark Blue | K36: 10 | O36: 1 | R36: 5 | T36: 8 | Z36: 1 | AA36: =SUM(M36:Y36) -> 14 | AB36: =AA36*Z36 -> 14 | AG36: 584X382X312 MM
A37: 21 | B37: PARTIAL | C37: 21 | D37: 4901895794 | E37: 50576369 | F37: 326746 | G37: H-HANK-SP-C1-271 | H37: 10284557 | I37: 404 | J37: Dark Blue | K37: 10 | M37: 2 | N37: 6 | O37: 1 | Z37: 1 | AA37: =SUM(M37:Y37) -> 9 | AB37: =AA37*Z37 -> 9 | AG37: 584X382X312 MM
A38: S-TOTAL | M38: =SUM(M17:M37) -> 3 | N38: =SUM(N17:N37) -> 22 | O38: =SUM(O17:O37) -> 44 | P38: =SUM(P17:P37) -> 50 | Q38: =SUM(Q17:Q37) -> 61 | R38: =SUM(R17:R37) -> 50 | S38: =SUM(S17:S37) -> 37 | T38: =SUM(T17:T37) -> 22 | ... Z38: =SUM(Z17:Z37) -> 21 | AB38: =SUM(AB17:AB37) -> 289
L41: SUMMARY — ORDER vs PACKED
L42: - | M42: 36 | N42: 37 | O42: 38 | P42: 39 | Q42: 40 | R42: 41 | S42: 42 | T42: 43 | Y42: TOTAL
L43: Order | M43: {='input '!C12} -> 3 | N43: {='input '!D12} -> 22 | O43: {='input '!E12} -> 44 | P43: {='input '!F12} -> 50 | Q43: {='input '!G12} -> 61 | R43: {='input '!H12} -> 50 | S43: {='input '!I12} -> 37 | T43: {='input '!J12} -> 22 | Y43: =SUM(M43:T43) -> 289
L44: Packed | M44: {=M38} -> 3 | N44: {=N38} -> 22 | O44: {=O38} -> 44 | P44: {=P38} -> 50 | Q44: {=Q38} -> 61 | R44: {=R38} -> 50 | S44: {=S38} -> 37 | T44: {=T38} -> 22 | Y44: =SUM(M44:T44) -> 289
L45: Variance | M45: =M43-M44 -> 0 | N45: =N43-N44 -> 0 | O45: =O43-O44 -> 0 | P45: =P43-P44 -> 0 | Q45: =Q43-Q44 -> 0 | R45: =R43-R44 -> 0 | S45: =S43-S44 -> 0 | T45: =T43-T44 -> 0 | Y45: =SUM(M45:T45) -> 0

Sheet VBA_Macro
A1: Hugo Boss Packing List — VBA Macro Code
A2: Instructions: Press Alt+F11 → Insert → Module → paste the code below → Save as .xlsm → Run via Alt+F8 → GeneratePackingList
A4: Option Explicit
A6: ' =====================================================================
A7: ' Hugo Boss Packing List Generator
A8: ' Reads order data from "input " sheet and writes a calculated
A9: ' packing list into the "output" sheet.
A10: ' Logic:
A11: ' 1. Carton capacity = 14 pcs (configurable in input!J5)
A12: ' 2. SINGLE-SIZE PRIORITY: pack full single-size cartons first
A13: ' 3. MIXED CARTONS: consolidate remainders into cartons of exactly 14
A14: ' with a maximum of 3 different sizes per carton.
... A221: End Function
